source,target,value
0,130,1
0,223,3
0,410,2
0,23,1
0,428,2
1,242,1
1,54,1
2,333,2
2,54,3
2,158,2
2,464,2
3,464,3
3,419,1
3,54,1
3,161,4
3,333,3
3,355,1
3,424,1
4,311,4
4,209,2
4,114,1
4,324,5
4,54,1
4,105,1
4,65,1
5,15,2
5,290,3
6,386,1
6,333,2
6,197,2
6,61,3
6,424,1
6,88,2
6,243,1
6,209,2
6,99,1
6,117,2
6,110,2
6,311,3
6,48,7
6,334,4
6,11,2
7,228,3
7,102,5
7,26,3
7,104,1
7,395,1
7,277,1
7,12,1
7,206,2
8,277,2
8,240,3
8,464,1
8,54,1
8,337,1
8,209,2
8,324,2
8,10,2
8,160,2
8,310,2
8,495,2
8,79,1
8,186,1
8,12,1
8,268,2
8,215,3
8,170,2
8,333,1
8,220,1
8,11,1
8,104,1
8,434,2
8,228,1
8,382,1
8,183,2
8,74,1
9,402,2
9,101,1
9,464,1
9,54,4
10,11,1
10,26,1
10,464,1
10,202,1
10,161,2
10,209,1
11,257,2
11,427,5
11,324,2
11,370,1
11,464,5
11,282,1
11,123,6
12,415,3
12,370,1
12,427,4
12,228,4
12,39,1
12,183,2
12,342,2
12,348,2
12,88,2
12,104,2
12,421,1
13,388,1
13,111,7
13,449,2
13,209,1
13,464,1
13,79,3
14,484,1
14,149,1
14,285,1
15,466,1
15,23,2
16,149,1
16,180,4
16,171,5
16,294,4
16,104,1
16,277,1
16,464,6
16,209,1
16,97,1
17,210,1
17,354,2
17,468,1
17,23,1
17,84,2
17,348,3
17,464,1
17,444,2
18,464,3
18,242,1
18,7,2
18,448,1
18,341,1
18,406,1
18,130,4
18,271,1
18,333,2
18,175,1
18,375,1
18,409,1
18,104,1
18,417,2
18,425,4
18,250,1
18,272,1
18,54,4
18,299,6
18,23,1
18,85,1
18,424,1
18,494,1
18,180,1
18,328,8
18,103,1
18,88,1
18,207,2
18,63,1
18,348,1
18,285,6
18,487,2
18,355,4
18,48,1
18,122,1
18,468,5
18,11,1
18,116,2
18,227,1
18,37,1
18,171,2
18,226,2
18,209,4
18,423,1
18,228,2
18,456,1
18,72,2
18,138,1
18,320,1
18,140,1
18,444,1
18,262,2
18,155,1
19,209,7
19,464,1
20,93,1
20,173,3
20,440,1
21,477,1
21,464,2
21,281,2
21,20,1
21,79,1
21,448,2
22,18,1
22,464,1
22,333,1
22,277,2
22,370,1
22,480,1
22,83,2
22,61,1
22,161,1
22,209,1
22,427,13
22,99,1
22,244,1
22,138,1
22,311,1
22,424,2
22,152,5
22,398,2
22,440,1
22,54,1
22,245,1
22,270,1
23,18,3
23,136,2
23,182,1
23,437,2
23,220,3
23,440,1
23,348,2
23,466,7
23,84,5
23,125,2
23,452,1
23,88,2
23,209,1
24,396,1
24,186,1
24,464,3
24,57,2
24,40,7
24,429,3
24,209,2
24,234,2
24,333,1
24,350,1
24,11,1
24,327,1
25,464,1
25,35,6
25,54,1
25,283,1
25,145,1
25,277,1
25,7,1
25,478,1
25,363,5
26,80,1
26,209,1
26,360,7
26,464,1
26,478,1
26,259,1
26,294,2
27,464,2
27,427,2
27,130,1
27,234,5
27,31,3
27,348,1
27,54,4
28,298,1
28,243,4
28,464,1
28,11,1
29,334,3
29,171,1
29,288,2
29,333,2
29,427,1
29,50,1
29,96,1
29,209,1
29,464,1
29,54,5
29,90,3
29,305,1
29,84,1
29,22,1
29,370,1
29,406,2
29,425,3
30,464,1
30,348,4
30,185,3
30,155,3
30,453,2
30,54,1
31,149,1
31,209,2
31,11,3
31,123,2
31,88,2
31,61,1
31,18,2
31,104,2
31,54,1
31,23,2
31,95,2
31,333,2
31,171,1
31,464,1
31,271,7
31,394,1
31,357,1
31,151,4
31,317,1
31,197,1
31,342,1
31,425,5
31,196,1
31,74,2
31,101,2
31,334,1
31,277,1
31,7,1
31,424,7
31,447,3
31,167,3
31,468,1
31,374,1
31,41,2
31,475,2
31,436,2
31,127,3
31,134,3
31,180,1
31,458,3
31,248,2
31,427,2
31,155,2
31,355,4
31,470,2
31,313,1
31,44,1
31,321,4
31,246,3
31,415,1
31,236,2
31,353,1
31,64,1
31,2,1
31,15,1
31,244,1
31,455,3
31,307,3
31,90,2
31,324,1
31,348,1
31,84,1
31,109,1
31,158,4
31,185,1
31,477,1
31,83,1
31,79,5
31,344,2
31,437,2
31,295,2
31,294,1
31,238,6
31,145,1
31,440,2
31,487,1
31,234,1
31,108,4
31,261,3
31,360,1
31,370,2
31,485,1
31,6,5
31,446,2
31,407,1
31,372,1
31,103,1
31,148,3
31,466,1
31,228,1
31,5,4
31,110,1
31,91,1
31,293,1
31,121,1
31,250,2
31,71,2
31,20,1
31,21,1
31,367,1
31,208,1
31,259,1
31,369,1
31,462,1
31,99,3
31,14,1
31,319,2
31,49,1
31,472,2
31,347,3
31,126,2
31,98,1
31,176,1
31,395,3
31,262,1
31,499,1
31,213,4
31,329,2
31,223,3
31,492,1
31,117,1
31,301,1
31,343,2
31,154,1
31,22,1
31,460,2
31,152,1
31,131,2
31,260,1
31,297,1
31,235,1
31,137,2
31,327,1
31,421,3
31,438,2
31,56,2
31,100,4
31,114,1
31,380,2
31,384,1
31,463,5
31,202,3
31,409,3
31,311,1
31,476,1
31,379,1
31,338,2
31,144,1
31,471,1
31,448,2
31,94,3
31,284,1
31,29,4
31,4,1
31,222,1
31,189,3
31,335,1
31,179,5
31,194,1
31,8,4
31,136,1
31,174,2
31,184,8
31,419,1
31,87,1
31,143,1
31,356,3
31,305,1
31,119,2
31,289,3
31,433,3
31,306,1
31,195,3
31,312,1
31,386,2
31,322,1
31,465,1
31,200,3
31,480,1
31,375,1
31,168,2
31,133,2
31,456,1
31,130,3
31,254,2
31,93,3
31,497,2
31,387,1
31,275,1
31,382,1
31,452,1
31,388,1
31,428,4
31,193,4
31,190,1
31,400,1
31,445,1
31,52,1
31,350,4
31,316,2
31,396,3
31,13,2
31,408,2
31,163,2
31,299,1
31,215,1
31,160,3
31,157,1
31,423,1
31,214,2
31,219,1
31,237,2
31,125,1
31,300,5
31,315,1
31,439,1
31,72,1
31,26,1
31,187,2
31,274,7
31,139,2
31,32,1
31,389,1
31,366,1
31,146,2
31,403,1
31,483,3
31,365,1
31,27,1
31,226,3
31,330,5
31,65,1
31,449,1
31,36,2
31,451,2
31,201,5
31,220,1
31,314,1
31,124,1
31,243,2
31,282,3
31,309,3
31,292,4
31,225,1
31,272,2
31,140,3
31,60,3
31,298,1
31,25,2
31,120,2
31,77,2
31,183,1
31,182,2
31,48,2
31,3,1
31,172,1
31,393,1
31,40,2
31,12,2
31,239,1
31,19,2
31,102,1
31,399,1
31,24,1
31,10,1
31,457,2
31,429,7
31,205,1
31,217,4
31,249,2
31,227,1
31,231,1
31,76,2
31,444,2
31,75,1
31,156,1
31,323,4
31,218,1
31,268,3
31,35,1
31,199,1
31,308,1
31,422,1
31,454,1
31,164,1
31,416,2
31,430,1
31,247,2
31,340,3
31,376,3
31,198,1
31,474,2
31,494,2
31,142,1
31,320,1
31,192,1
31,410,2
31,328,3
31,170,4
31,147,2
31,66,1
31,1,5
31,414,2
31,304,1
31,279,3
31,80,1
31,412,1
31,206,3
31,118,3
31,283,1
31,270,3
31,404,1
31,191,2
31,442,1
31,302,6
31,39,4
31,166,1
31,363,4
31,42,4
31,488,1
31,62,5
31,51,6
31,37,1
31,111,1
31,362,1
31,230,1
31,207,1
31,175,1
31,212,6
31,224,2
31,38,3
31,122,6
31,92,1
31,478,2
31,459,1
31,150,2
31,364,1
31,210,1
31,411,1
31,420,2
31,467,5
31,68,1
31,296,2
31,252,2
31,434,1
31,486,4
31,169,1
31,288,1
31,406,1
31,484,2
31,281,1
31,177,1
31,413,3
31,358,1
31,285,1
31,435,5
31,55,2
31,204,1
31,381,1
31,188,2
31,469,2
31,70,3
31,173,2
31,240,3
31,339,1
31,105,1
31,16,2
31,493,1
31,443,4
31,153,2
31,255,1
31,256,3
31,418,2
31,290,2
31,390,2
31,453,2
31,141,4
31,258,4
31,402,1
31,286,3
31,186,4
31,241,2
31,337,2
31,58,2
31,245,1
31,401,1
31,479,3
31,67,2
31,332,1
31,318,1
31,368,1
31,341,4
31,107,2
31,82,2
31,461,1
31,267,3
31,280,4
31,377,3
31,113,1
31,57,3
31,378,1
31,53,1
31,128,1
31,276,1
31,495,1
31,162,2
31,373,1
31,181,3
31,257,1
31,269,9
31,132,1
31,165,2
31,371,1
31,417,2
31,43,5
31,354,2
31,431,1
31,203,1
31,398,1
31,86,1
31,303,4
31,265,1
31,129,1
31,441,1
31,69,1
31,291,4
31,9,1
31,385,1
31,115,2
31,352,1
31,45,1
31,89,2
31,432,8
31,253,3
31,482,5
31,78,2
31,96,1
31,383,1
31,178,3
31,405,1
31,50,1
31,0,5
31,491,1
31,391,2
31,346,3
31,138,2
31,229,1
31,81,2
31,481,1
31,450,2
31,325,2
31,263,3
31,106,1
31,359,3
31,17,2
31,242,2
31,326,1
31,34,1
31,135,2
31,331,7
31,30,1
31,161,4
31,211,2
31,251,3
31,216,1
31,266,3
31,59,3
31,397,3
31,63,3
31,221,1
31,473,2
31,28,1
31,498,1
31,496,1
31,489,1
31,112,2
31,159,2
31,47,1
31,273,2
31,233,1
31,85,1
31,349,2
31,345,1
31,264,2
31,392,1
31,278,2
31,490,1
31,310,1
31,73,1
31,232,3
31,351,1
31,33,1
31,97,1
31,426,1
31,361,1
31,336,1
31,287,6
31,116,1
31,46,1
32,464,1
32,209,4
32,104,1
32,466,1
32,149,8
32,472,2
32,440,2
32,140,3
32,425,2
32,26,1
32,307,1
32,201,3
32,228,3
32,250,1
32,334,1
32,360,1
32,470,2
32,419,1
32,354,4
32,56,6
32,33,2
32,229,6
32,342,1
32,333,3
32,230,2
32,309,1
32,429,1
32,326,1
32,54,3
32,442,3
32,238,2
32,146,2
32,275,1
32,160,2
32,6,2
32,44,1
32,90,5
32,80,2
32,263,3
32,348,2
32,171,4
32,61,1
32,148,2
32,424,1
32,376,1
32,88,1
32,410,1
32,37,3
32,114,1
32,487,2
32,382,4
32,62,3
32,324,1
32,350,1
32,430,1
32,259,1
32,374,1
32,217,2
32,180,1
32,79,1
32,271,1
32,398,2
32,10,4
32,370,6
32,211,2
32,86,2
32,474,2
32,368,2
32,74,2
32,495,2
32,337,1
32,299,9
32,152,1
32,311,1
32,313,1
32,367,3
32,145,1
32,22,1
32,251,2
32,329,2
32,249,2
32,117,1
32,108,3
32,52,2
32,12,3
32,183,2
32,317,1
32,475,2
32,17,1
32,439,1
32,294,1
32,416,3
32,50,1
32,448,2
32,469,1
32,379,5
32,91,2
32,449,2
32,98,2
32,277,1
32,242,4
32,214,2
32,176,2
32,34,2
32,427,4
32,236,1
32,15,1
32,301,3
32,167,1
32,103,2
32,431,1
32,66,1
32,220,2
32,386,3
32,409,1
32,395,1
32,444,1
32,42,6
32,460,1
32,4,1
32,105,7
32,463,4
32,182,2
32,124,1
32,57,1
32,262,1
32,372,2
32,257,1
32,400,1
32,118,1
32,23,3
32,343,3
32,401,2
32,206,1
32,394,4
32,196,2
32,83,1
32,197,4
32,95,1
32,59,2
33,364,1
33,464,1
33,241,4
33,257,3
34,464,2
34,181,2
34,322,1
34,375,1
34,104,1
35,13,5
35,464,1
35,348,1
35,209,2
35,41,1
35,333,2
35,11,5
35,370,1
35,52,1
35,199,3
35,351,3
35,61,2
35,54,1
35,104,6
35,207,1
35,146,1
35,338,6
35,265,3
36,396,2
36,166,3
36,104,3
36,474,5
36,322,2
36,425,4
36,388,1
36,424,1
36,464,1
37,60,8
38,54,3
38,48,1
38,464,3
38,420,2
39,104,1
39,348,2
39,65,1
40,464,1
40,11,1
40,5,5
40,74,1
40,244,1
40,324,2
40,54,1
40,49,1
40,449,1
40,223,2
40,487,2
40,104,4
40,333,1
40,434,1
40,171,4
40,89,2
40,340,5
40,277,1
40,12,1
40,209,1
40,424,1
40,22,1
40,332,1
40,44,2
40,356,3
40,292,1
40,123,1
40,158,6
41,464,1
41,343,1
41,336,1
41,271,1
41,121,1
41,143,1
42,333,2
42,464,1
42,15,1
42,171,2
43,257,2
43,209,2
43,464,2
43,11,2
43,54,3
43,474,1
43,104,1
43,333,2
43,382,1
43,424,1
43,163,1
44,209,1
44,11,1
44,61,3
44,54,2
44,8,1
44,375,8
44,466,2
45,224,1
45,17,1
45,170,3
45,158,1
46,464,2
46,324,1
46,348,1
46,437,1
46,54,2
47,84,1
47,90,2
47,122,3
47,180,1
47,54,2
47,231,1
48,104,3
48,147,1
48,452,1
49,65,1
49,399,2
49,148,1
49,464,1
49,333,5
50,195,1
51,104,3
51,370,1
51,455,1
51,171,6
51,253,2
51,22,1
51,54,1
51,277,5
52,464,1
52,110,2
52,438,5
52,220,3
53,425,2
53,54,2
53,464,5
53,427,1
53,252,8
53,455,1
54,155,2
54,334,3
54,16,2
54,464,2
54,161,2
54,156,2
54,425,1
54,359,1
54,84,1
54,427,2
54,201,2
54,495,2
55,88,2
55,11,1
55,107,1
56,88,1
56,333,1
56,22,1
56,468,3
56,448,1
57,104,5
58,429,1
58,142,1
58,209,3
59,143,2
59,24,2
59,68,3
59,209,3
59,180,1
59,464,1
59,303,7
59,345,2
60,170,2
60,356,1
60,324,3
60,54,3
60,293,2
60,223,1
60,427,7
60,270,5
60,243,1
60,395,2
60,490,4
60,190,1
61,464,2
61,424,2
61,209,1
61,425,1
61,171,3
62,468,1
62,249,2
62,464,2
62,354,3
63,425,1
64,364,1
64,269,1
65,375,1
65,464,1
65,343,1
65,426,2
66,74,1
66,76,1
66,476,3
66,333,3
66,83,7
66,142,1
66,209,4
67,54,3
67,464,3
67,334,2
67,104,2
67,333,2
68,388,1
68,189,1
68,209,1
68,52,1
68,333,5
68,54,2
68,464,1
68,486,2
68,117,1
68,348,2
68,466,2
68,162,7
68,145,1
68,490,1
68,370,1
68,208,1
68,18,3
68,79,2
69,464,1
69,186,1
69,104,3
69,350,1
69,120,4
70,223,4
70,54,1
70,348,3
70,79,4
70,464,1
70,385,11
71,464,2
71,142,3
71,277,1
72,54,1
72,312,1
72,24,1
72,88,1
73,464,1
73,405,1
73,54,1
73,388,3
73,121,1
73,228,3
73,122,4
73,425,2
73,396,1
74,90,2
74,444,3
74,36,1
74,102,2
74,238,2
74,464,4
74,88,1
74,424,1
74,277,1
75,54,1
75,313,1
75,477,1
75,464,5
75,425,2
75,193,3
75,480,3
75,451,2
75,117,4
75,382,4
75,196,1
75,333,4
75,466,2
75,74,1
75,277,2
75,362,1
75,22,1
75,104,3
75,209,1
75,469,1
75,23,5
75,86,1
76,183,2
76,464,1
76,88,2
77,0,6
77,122,3
77,74,12
77,101,1
77,464,2
77,409,1
77,333,2
77,104,6
77,147,1
77,171,1
77,424,1
77,90,6
78,386,5
78,464,1
78,234,1
78,388,1
78,79,1
79,104,1
79,440,1
79,190,3
80,331,5
80,206,1
80,424,1
80,419,1
81,454,2
81,54,1
81,477,4
81,337,1
81,418,1
81,499,3
81,220,3
81,424,1
81,464,1
81,12,3
81,104,1
81,2,1
81,429,1
81,440,2
81,334,2
81,18,3
81,327,1
81,328,3
81,406,4
81,177,1
81,196,1
81,102,5
81,200,1
81,84,2
81,8,1
81,277,3
81,350,2
81,333,1
81,300,4
81,209,5
81,442,2
81,167,1
81,345,3
81,448,3
81,74,1
81,461,2
81,353,1
82,152,2
82,104,2
82,375,4
82,241,3
82,333,1
82,348,2
83,170,2
83,15,1
83,403,2
83,464,2
83,333,1
84,474,1
84,104,3
84,348,1
84,195,2
84,333,1
84,409,7
85,180,2
85,209,1
85,415,1
85,79,3
85,125,4
86,452,1
86,54,1
87,226,1
87,151,1
87,327,4
87,424,1
88,228,1
88,255,1
88,197,1
89,424,2
90,54,1
90,158,2
90,333,2
90,370,2
90,151,1
90,353,4
90,61,4
91,61,3
91,54,1
91,271,1
91,104,2
91,225,1
91,333,2
91,424,1
92,197,5
92,136,5
93,24,3
93,457,2
93,277,1
93,43,1
93,464,1
93,382,1
94,88,2
94,388,1
94,7,2
94,67,1
94,209,1
94,464,2
94,360,1
94,54,2
94,196,4
94,324,1
94,469,1
94,228,1
95,375,2
95,464,1
95,16,3
95,307,2
95,333,1
96,360,2
96,103,2
96,224,1
96,348,1
96,243,1
96,464,3
96,354,1
97,344,2
97,448,2
97,349,2
98,375,5
99,206,3
99,121,3
99,464,1
99,209,1
99,294,1
99,466,2
100,333,1
100,392,1
100,491,1
101,50,2
101,200,1
101,54,2
101,464,3
101,397,3
101,311,1
101,26,1
101,315,1
102,431,2
102,74,3
103,464,1
103,457,3
103,455,1
104,15,1
104,464,1
104,209,1
105,370,5
105,406,7
105,209,2
105,151,2
105,427,3
106,18,2
106,160,1
106,464,5
106,442,2
106,82,2
106,11,3
106,356,1
107,464,1
107,11,4
107,104,4
107,87,2
107,223,3
107,4,1
108,213,1
108,209,1
109,79,5
109,464,1
109,22,2
110,440,2
110,476,3
111,54,3
111,201,3
111,35,3
111,84,5
111,44,1
111,464,4
112,52,3
112,277,1
112,464,1
112,194,1
113,228,1
113,464,1
113,271,2
113,277,3
113,209,3
114,11,2
114,464,4
114,196,2
114,284,1
114,54,2
114,427,3
114,329,2
114,309,1
114,88,1
114,209,1
114,418,1
114,424,1
114,277,1
115,464,5
115,104,1
115,228,1
115,14,1
115,88,2
115,382,2
115,54,1
115,333,1
115,2,1
115,225,1
115,393,3
115,444,3
115,121,1
115,425,1
115,311,1
115,49,1
116,324,1
116,477,1
117,148,1
117,424,1
117,460,4
117,367,3
117,209,1
118,117,1
118,80,1
118,104,3
118,52,1
118,166,1
118,249,4
118,464,1
118,171,6
119,290,3
119,231,2
119,171,5
119,236,1
119,415,1
119,228,2
119,272,1
119,378,4
120,388,1
120,437,2
120,473,3
121,469,3
121,104,1
122,160,1
122,419,3
122,171,2
122,274,3
123,171,4
123,196,8
124,429,3
124,344,4
124,334,1
125,197,1
125,153,1
125,464,1
125,277,2
125,117,1
126,272,2
126,382,5
126,464,1
127,74,1
127,24,1
127,427,2
127,56,3
127,180,1
127,468,3
128,209,2
128,277,2
129,240,1
129,282,3
129,17,1
130,464,1
130,223,1
130,88,2
130,236,1
130,46,2
131,189,1
131,23,3
131,287,1
131,58,1
131,228,2
131,171,1
131,419,3
131,236,1
131,464,2
131,466,4
131,128,2
131,424,4
131,209,1
132,44,2
132,225,1
132,333,1
132,466,2
132,364,1
133,88,1
133,464,1
133,424,1
133,448,1
133,96,1
134,116,3
134,464,1
134,315,1
134,88,1
134,238,1
135,156,3
135,448,1
135,394,1
135,236,3
135,455,1
135,209,2
136,375,1
136,103,1
136,51,1
136,464,2
136,54,1
136,369,3
136,209,1
136,425,1
136,61,1
137,496,2
137,499,2
138,209,1
138,294,3
138,392,3
138,60,2
139,104,2
139,464,2
139,251,2
139,54,1
139,197,2
139,305,1
139,277,1
140,240,1
140,165,2
140,248,4
140,464,2
141,29,1
141,180,6
141,90,3
141,277,6
142,440,2
142,263,1
142,136,4
142,274,4
142,24,1
143,466,3
143,227,1
143,464,1
143,196,5
144,424,2
144,11,2
144,449,2
144,180,4
144,333,1
145,225,1
145,66,2
145,333,1
145,175,1
145,464,1
145,195,5
145,154,1
145,241,1
145,82,2
145,93,3
145,424,1
145,248,2
145,98,3
145,16,1
146,235,1
146,54,5
146,267,1
146,382,2
146,238,1
146,322,1
146,464,2
146,23,2
147,271,1
147,153,1
147,128,3
147,466,4
147,333,2
148,464,3
148,240,1
148,228,1
148,61,2
148,254,2
148,396,1
148,117,2
148,209,1
148,83,1
148,200,1
149,54,1
149,348,1
149,209,2
150,220,3
151,250,1
151,223,3
151,209,3
151,158,9
151,464,1
151,392,2
151,408,2
151,372,2
151,101,2
152,54,1
153,345,2
153,11,2
153,466,3
153,324,3
153,382,1
153,263,1
153,464,1
154,464,1
155,485,3
156,367,1
156,241,2
156,464,2
156,315,1
156,277,2
156,104,3
157,35,1
157,88,3
157,53,1
157,240,2
157,333,1
157,196,1
157,270,2
158,334,1
158,15,3
158,458,1
158,464,1
158,333,1
158,54,3
158,104,1
159,218,2
159,196,4
159,228,1
160,54,2
160,391,2
161,435,1
161,87,1
161,169,2
161,10,3
161,257,4
161,464,1
161,15,1
161,303,1
161,218,2
161,104,1
161,496,4
161,50,1
161,61,7
161,101,1
161,447,1
161,111,2
161,440,3
161,340,1
161,209,3
161,232,1
161,54,3
161,360,1
161,366,1
161,415,1
161,372,1
161,384,1
161,5,1
161,196,3
161,11,2
161,185,1
161,311,8
161,400,6
161,405,4
161,191,2
161,442,1
161,333,1
161,334,1
161,91,2
161,160,2
161,468,2
161,413,2
161,74,1
161,266,2
161,238,1
161,220,2
161,228,1
161,305,1
161,476,4
161,424,1
161,348,2
162,196,1
162,209,4
162,12,2
162,213,1
163,333,2
163,44,6
163,24,1
164,464,2
164,333,3
164,28,1
165,45,1
165,369,2
165,348,2
166,360,1
166,333,1
166,485,1
167,74,1
167,464,4
167,83,2
167,209,5
168,209,2
169,178,1
169,223,4
169,277,3
170,220,1
170,196,3
171,285,2
171,356,3
171,12,3
171,311,1
171,157,1
171,419,3
171,230,1
171,456,1
171,209,3
171,450,1
172,48,4
172,375,1
172,333,1
172,88,1
173,54,1
173,61,2
173,209,10
173,416,3
174,464,1
174,150,2
174,104,1
174,121,5
174,228,2
174,277,2
174,155,1
175,52,2
175,433,1
175,388,1
175,144,1
175,333,1
175,290,3
175,281,1
175,490,1
175,479,1
175,473,1
175,309,1
175,171,2
175,317,1
175,464,1
175,108,1
175,362,1
175,209,3
175,61,2
175,31,3
175,44,1
175,54,1
175,440,1
175,224,2
175,28,2
175,105,2
175,83,1
175,324,1
175,200,3
175,382,2
175,449,1
175,348,1
175,330,3
175,102,1
175,242,2
175,477,5
175,104,1
175,103,1
175,436,2
175,152,1
175,429,1
175,424,1
175,248,1
175,360,3
175,472,2
175,220,1
175,236,4
175,370,2
175,181,1
175,470,1
175,12,2
175,190,1
175,368,1
175,203,1
175,110,1
175,196,2
175,435,1
175,271,2
175,151,1
175,342,2
175,311,1
175,277,2
175,183,1
175,22,1
176,305,5
176,54,1
177,161,4
178,275,4
178,464,1
178,499,2
178,50,2
178,196,1
178,312,1
178,395,2
178,223,1
178,429,15
178,23,4
178,320,2
178,440,2
178,165,1
178,52,4
178,127,1
178,197,2
178,104,3
178,54,1
178,228,1
178,431,2
178,403,1
178,19,1
178,273,2
178,301,2
179,164,1
179,273,4
179,88,2
179,10,1
179,209,2
179,280,3
179,423,3
179,148,2
179,333,2
179,178,3
180,179,5
180,406,1
180,163,1
180,444,3
180,360,1
180,348,2
180,464,1
180,388,2
180,61,5
181,466,1
181,333,2
182,464,1
183,370,2
183,54,1
183,226,2
183,91,1
183,157,1
183,228,3
183,464,2
183,79,1
183,424,1
184,248,2
184,13,3
184,464,2
184,54,1
184,334,1
184,440,2
184,406,4
184,388,3
184,209,3
184,236,3
184,237,2
184,110,1
184,58,1
184,104,2
184,420,1
185,477,4
185,180,2
185,336,1
185,464,2
185,54,3
186,123,2
186,88,3
186,26,1
186,46,2
186,305,2
186,83,7
186,464,3
187,324,1
187,228,1
187,464,2
187,0,1
187,54,2
188,143,1
188,479,4
188,101,1
188,424,1
188,103,1
189,209,1
190,464,1
191,228,5
191,121,1
191,333,2
192,1,1
193,366,1
194,88,1
194,455,1
194,165,1
194,452,1
195,230,1
196,110,1
196,12,1
196,28,1
196,22,1
197,265,1
197,61,1
197,92,1
197,403,2
197,468,1
197,388,3
198,464,1
198,12,4
198,333,1
198,482,1
198,228,1
199,333,2
199,464,3
200,206,2
200,11,4
200,464,1
200,228,1
200,382,1
200,54,1
201,464,4
201,110,4
201,319,1
201,36,1
202,464,1
202,104,2
202,311,1
202,429,1
202,370,2
202,333,4
203,88,2
203,197,6
203,25,1
203,228,1
203,403,1
204,359,3
204,101,1
205,54,2
205,209,1
205,180,2
205,440,2
205,333,2
205,424,2
205,356,2
205,41,2
205,22,4
205,151,5
205,293,2
205,464,4
205,245,4
205,477,1
205,277,8
205,455,1
205,253,1
205,496,5
205,14,1
205,66,2
205,11,6
205,48,1
205,372,1
205,309,2
205,429,3
205,358,3
205,74,4
205,400,1
205,184,1
205,63,2
205,290,2
205,171,1
205,486,1
205,15,1
205,487,4
205,158,4
205,62,1
205,202,1
205,409,1
205,480,6
205,152,5
205,61,2
205,258,1
205,466,1
205,331,1
205,294,5
205,115,1
205,298,3
205,436,1
205,149,2
205,99,3
205,217,2
205,208,3
205,52,3
205,125,1
205,398,1
205,165,3
205,472,1
205,343,2
205,146,4
205,101,4
205,334,3
205,110,1
205,18,4
205,90,4
205,407,2
205,79,1
205,275,1
205,77,3
205,254,3
205,6,1
205,250,1
206,51,4
206,329,1
206,101,1
206,424,1
206,356,3
207,209,1
207,324,5
207,464,1
207,238,1
207,294,1
207,382,1
207,459,5
207,6,5
207,74,2
207,104,2
207,277,3
207,86,1
208,3,1
208,79,1
208,464,1
208,18,2
208,333,1
208,209,1
208,26,2
208,54,1
209,163,1
209,333,1
209,277,1
209,254,2
209,464,1
210,12,3
210,406,1
210,334,1
210,110,2
210,348,1
210,145,3
210,104,1
210,415,2
210,448,2
210,344,3
211,54,1
211,254,2
211,86,5
211,455,1
211,200,1
212,54,1
212,464,1
212,438,2
212,104,11
212,455,1
213,152,3
213,54,2
214,418,1
214,54,3
214,211,2
215,262,2
215,460,4
215,370,1
215,464,1
215,98,1
215,151,1
215,209,1
215,277,1
215,121,3
215,353,2
215,333,1
215,54,5
215,477,3
215,319,1
215,236,3
215,466,2
215,61,2
215,301,1
215,435,1
215,171,1
216,464,5
216,363,5
216,223,1
217,54,1
217,82,2
217,88,5
217,464,4
217,419,2
217,44,5
217,424,4
217,142,2
217,104,4
217,385,3
217,87,2
217,427,2
217,277,1
217,323,1
217,228,2
217,109,2
217,334,3
217,119,5
217,360,1
217,112,1
217,348,2
217,467,1
217,49,2
217,229,2
217,3,2
217,382,1
217,140,1
217,171,1
217,333,2
217,366,1
218,54,3
218,382,1
218,196,4
218,293,1
218,74,1
219,13,1
219,419,1
219,467,1
219,127,2
219,333,1
219,425,1
219,334,2
219,464,5
219,228,5
219,270,1
219,18,2
219,104,2
219,475,2
220,398,1
220,54,2
220,123,1
220,464,1
220,394,3
220,146,4
220,344,1
220,213,1
220,209,3
220,307,2
220,101,2
220,61,1
220,452,1
221,360,3
221,248,4
222,370,2
222,74,2
222,497,2
222,54,2
223,334,2
223,243,2
223,209,6
223,289,2
223,464,2
223,29,3
224,333,1
224,209,2
224,456,9
224,171,3
224,464,2
224,305,1
224,212,1
225,464,1
225,197,2
225,209,2
225,103,1
225,236,6
225,348,1
225,166,1
225,368,1
225,333,5
225,171,1
225,6,2
225,356,2
226,464,1
226,54,3
226,25,2
226,11,3
227,180,3
227,59,1
227,268,1
227,20,3
227,209,1
227,464,1
227,54,1
227,122,1
228,183,1
228,121,4
228,139,1
229,54,3
229,68,1
229,41,3
229,397,1
229,238,1
230,88,2
230,209,2
230,229,1
230,418,2
230,61,2
231,464,2
231,90,1
231,334,1
231,209,4
231,223,1
231,54,2
231,104,3
231,69,6
231,419,1
231,375,1
231,442,2
231,473,1
231,80,2
231,161,2
232,281,3
232,468,1
232,390,1
232,74,1
232,359,1
232,101,2
232,384,1
233,74,1
233,196,1
233,163,1
233,494,3
234,99,2
234,368,2
234,333,4
234,358,4
235,28,1
235,209,1
235,471,3
235,54,1
235,444,1
235,277,7
235,171,1
235,130,1
235,464,3
235,468,1
235,321,2
235,244,1
236,248,1
236,440,1
236,137,6
237,53,2
237,333,1
237,52,1
237,24,1
237,171,1
237,464,2
238,57,3
238,464,1
238,173,1
238,427,2
238,346,1
238,398,1
238,12,4
238,196,2
238,209,4
238,306,1
239,88,1
239,462,1
239,432,1
239,472,2
240,464,2
241,464,1
241,201,1
242,277,2
242,213,1
242,464,4
242,142,1
242,499,6
242,104,3
242,117,3
243,195,2
243,466,4
243,183,1
243,205,5
244,440,2
244,209,1
244,228,1
245,464,1
245,324,1
245,395,2
245,11,1
245,388,3
245,196,2
245,174,2
245,424,6
245,104,4
245,261,2
245,327,2
245,117,1
245,220,4
245,88,4
246,424,1
246,464,5
246,54,2
246,65,2
247,134,1
247,464,1
247,104,3
247,333,2
247,355,1
248,52,1
248,121,2
248,194,1
248,321,3
248,360,2
248,464,2
248,324,2
248,61,2
248,209,2
248,54,2
248,204,2
248,104,1
248,151,1
248,171,1
248,65,1
248,11,4
248,23,1
248,352,1
248,333,1
248,469,3
248,220,1
248,238,1
248,34,2
249,2,2
249,468,2
249,104,1
249,118,1
250,209,4
250,388,3
251,464,1
251,365,4
251,48,1
251,23,1
251,209,1
251,459,1
251,102,1
251,424,3
251,344,2
251,216,1
251,455,1
251,158,1
251,171,1
251,342,1
251,84,3
251,104,2
251,223,4
251,149,1
251,54,2
251,247,1
251,275,3
251,74,1
251,81,1
251,12,1
251,183,1
252,174,1
252,183,4
252,15,1
252,452,1
252,376,5
252,263,1
253,167,2
253,47,1
253,23,2
253,464,1
253,395,1
254,449,1
254,456,3
254,300,1
254,88,1
254,248,5
255,478,1
255,464,3
255,337,1
255,91,4
255,6,1
255,104,2
255,466,1
255,24,1
255,200,2
256,52,1
256,464,1
256,18,2
256,363,1
256,148,1
256,220,1
257,54,1
257,464,3
257,322,1
257,84,2
257,424,4
258,251,2
258,54,1
258,370,1
258,277,1
258,124,1
258,352,1
258,74,1
258,464,6
258,125,1
258,394,3
258,81,1
259,223,4
259,164,1
259,466,1
259,424,1
259,209,2
259,168,2
259,305,1
259,387,1
260,209,1
260,176,1
260,361,1
260,37,1
261,158,1
261,237,1
261,250,2
261,84,2
262,464,6
262,224,1
262,195,6
262,102,1
262,140,1
263,464,1
263,333,1
263,181,1
263,217,1
263,436,1
263,132,1
263,166,2
263,62,3
264,464,1
264,261,2
265,54,1
265,292,2
266,25,3
266,464,3
266,440,3
266,54,1
266,12,3
266,200,1
266,220,1
266,382,1
267,104,2
267,121,1
267,206,3
267,54,2
267,277,2
267,11,1
268,298,1
268,88,3
268,183,5
268,85,2
268,22,1
269,464,3
269,331,1
269,209,3
269,8,3
269,171,3
269,485,1
269,379,1
269,372,1
269,419,3
269,333,3
269,183,1
269,178,1
270,180,1
270,464,1
270,157,2
270,359,1
270,228,1
270,56,3
271,198,1
271,228,1
271,11,1
271,451,3
271,157,1
271,396,6
271,41,1
271,250,1
271,464,1
272,363,2
273,67,1
273,464,2
273,364,1
273,429,3
273,104,1
274,388,1
274,145,1
274,333,1
274,209,1
274,166,2
274,248,1
274,148,1
274,464,1
275,185,1
275,154,1
275,428,1
276,240,1
276,305,1
276,351,1
277,74,2
277,23,1
277,187,1
277,448,1
277,180,1
277,438,3
277,458,2
277,464,2
277,282,1
277,355,1
277,79,1
277,54,1
278,472,3
278,453,3
278,61,1
278,88,1
278,54,3
278,334,1
278,104,3
278,238,1
279,307,1
279,464,1
279,54,2
279,22,2
279,29,2
279,92,1
280,54,1
280,223,1
280,348,2
280,92,9
280,370,1
280,455,5
280,112,1
280,88,2
280,464,1
280,6,1
281,464,3
281,333,1
281,172,1
281,495,1
281,54,2
282,125,2
283,304,1
283,228,2
283,183,1
283,333,2
283,468,1
284,322,2
285,228,1
285,74,1
285,395,1
285,4,3
285,209,1
285,88,1
285,424,2
285,347,4
285,370,4
285,65,1
285,342,1
285,356,2
285,3,1
285,171,2
285,54,1
285,348,2
285,101,4
285,134,1
286,333,1
286,270,1
286,348,1
286,82,7
286,375,3
286,344,2
286,77,1
286,223,1
286,362,2
286,464,4
287,450,2
287,464,3
287,272,2
287,102,3
287,372,4
288,198,1
288,110,1
288,209,1
288,101,3
288,464,3
288,471,1
288,333,1
288,61,2
288,151,1
288,77,2
288,84,1
289,113,1
289,464,1
289,424,1
289,348,3
289,277,2
289,82,2
289,333,1
289,53,1
289,197,2
289,54,2
289,440,1
289,303,1
289,48,5
289,52,2
289,94,2
289,74,1
289,209,2
289,361,1
289,427,1
289,238,1
290,209,2
290,90,4
290,415,2
291,299,2
291,227,2
291,489,2
291,12,1
291,180,1
291,464,1
292,88,2
292,171,1
292,228,1
292,165,3
293,2,1
293,84,2
293,83,1
293,79,2
293,274,1
293,277,3
293,399,2
293,88,2
294,464,1
295,429,1
295,209,1
295,424,1
295,54,1
295,334,4
295,180,1
295,304,1
295,48,2
295,333,1
295,427,1
295,482,4
295,157,1
296,359,1
296,116,3
296,93,6
296,54,1
296,23,2
296,465,1
296,208,2
296,427,3
296,464,3
296,88,1
296,388,1
296,308,2
296,447,3
296,104,4
296,56,1
296,471,1
296,59,1
296,322,3
296,444,2
296,171,2
297,466,3
298,464,1
298,277,1
298,209,2
298,353,1
298,52,1
299,464,1
299,79,3
299,88,1
299,333,1
299,209,5
299,372,1
299,152,2
299,304,3
299,149,2
299,382,2
299,427,1
299,177,4
299,303,1
300,88,1
300,220,3
300,464,4
300,214,2
300,183,2
300,391,5
300,334,1
300,466,2
300,309,4
300,155,2
300,415,3
301,166,1
301,425,1
302,464,1
302,348,1
302,180,1
302,228,1
302,121,3
302,380,6
302,197,1
302,59,1
303,464,2
303,196,1
303,54,5
303,104,3
303,258,3
304,496,1
304,464,1
304,74,1
304,230,1
305,257,4
305,94,1
305,442,1
305,22,1
305,240,2
306,197,1
306,333,1
306,52,1
306,464,1
306,230,1
306,54,1
306,166,2
306,186,1
306,171,1
306,372,1
306,157,1
306,155,1
306,427,1
306,144,1
306,11,3
306,180,1
306,121,1
306,238,8
306,102,1
306,476,1
306,104,4
306,425,1
306,348,4
306,228,1
306,209,3
306,436,1
306,223,5
307,464,1
307,197,1
307,408,1
307,348,2
307,388,3
307,171,2
307,315,1
307,41,4
307,27,2
307,415,4
307,375,5
307,121,1
307,101,4
307,322,1
307,84,1
307,194,1
307,281,1
307,103,2
308,348,2
308,35,1
308,79,1
308,120,1
308,464,1
308,327,4
308,54,4
308,183,2
309,3,2
309,52,1
309,83,1
310,24,4
310,425,4
310,333,3
310,205,1
310,478,1
310,11,2
310,301,2
310,61,4
310,161,4
310,54,1
310,355,8
310,209,1
310,481,3
310,348,2
310,464,2
310,103,2
310,153,3
310,180,2
310,88,3
310,23,1
310,223,3
310,282,8
310,496,2
310,370,6
310,455,1
310,396,3
310,428,1
310,404,2
310,210,2
310,382,2
310,121,2
310,281,1
310,360,6
310,148,1
310,84,2
310,143,3
310,80,4
310,140,2
310,471,2
310,373,1
310,448,1
310,130,1
310,44,2
310,268,2
310,228,2
310,350,2
310,249,2
310,176,1
310,2,3
310,217,3
310,60,1
311,60,1
311,209,1
311,52,2
311,424,1
311,90,2
311,77,1
311,99,1
311,104,2
311,348,2
311,333,1
311,61,1
311,379,2
311,196,1
312,424,1
313,52,4
313,374,4
313,364,1
313,464,1
313,466,3
313,138,2
313,419,2
313,324,8
313,375,1
313,366,2
314,104,2
314,188,1
314,223,1
314,230,1
314,464,2
314,54,4
314,62,1
314,405,2
314,466,1
314,395,7
314,11,1
314,171,2
314,419,1
315,135,1
315,54,1
315,370,2
315,444,2
316,464,1
316,460,5
316,451,2
316,4,2
316,367,1
317,54,2
317,353,5
317,209,3
317,149,3
317,83,1
317,329,1
317,195,1
318,228,2
318,132,1
319,158,2
320,228,1
320,464,3
320,158,1
320,122,2
320,74,1
320,197,1
320,79,3
321,146,4
321,54,2
322,348,2
322,171,1
322,277,1
322,356,1
322,54,5
323,209,1
323,334,1
323,79,2
323,74,3
323,453,4
323,23,3
323,433,2
324,112,1
324,218,1
325,209,1
325,61,1
325,54,1
325,196,3
325,204,3
325,464,1
325,303,1
325,104,1
325,74,1
326,54,8
326,240,1
326,301,1
326,464,2
326,333,1
326,198,4
327,333,1
327,149,2
328,464,1
328,79,1
328,223,3
329,311,1
329,382,2
329,122,2
330,196,1
330,468,3
330,282,2
330,395,1
331,209,1
331,223,1
331,18,5
331,183,1
332,151,1
332,254,3
332,208,1
332,22,1
333,464,1
333,334,1
333,233,5
334,101,1
334,427,2
334,309,2
334,307,5
334,323,1
334,60,1
334,191,6
334,322,1
335,354,1
335,360,1
335,372,2
335,54,1
335,152,2
336,90,1
336,54,1
336,220,1
336,324,3
336,310,2
336,464,2
336,121,1
336,424,1
336,395,3
336,35,2
336,197,4
336,209,1
336,455,1
336,230,6
336,386,1
336,12,1
337,101,1
337,464,2
337,165,1
337,257,5
337,54,1
337,74,3
338,382,1
338,464,1
338,197,1
338,204,1
338,88,4
339,464,1
339,54,1
339,210,6
339,369,3
339,468,2
339,209,1
339,239,4
339,196,1
340,464,1
340,469,1
340,88,2
341,464,2
341,61,2
341,227,4
341,478,2
341,483,3
341,426,1
341,466,2
341,298,1
341,348,2
342,77,5
342,464,1
343,424,3
343,364,1
343,317,2
343,370,3
343,299,1
343,103,1
343,430,9
343,464,2
343,419,2
343,24,1
343,12,1
343,415,2
343,149,1
343,54,1
343,466,2
343,150,1
343,333,2
343,21,2
343,390,1
343,74,2
343,372,1
343,274,8
343,83,6
344,23,1
344,262,2
344,333,2
344,147,2
344,54,1
344,429,2
345,382,1
345,364,3
345,117,1
345,224,3
346,54,1
346,29,2
346,324,1
346,238,3
346,464,4
347,77,5
347,372,2
347,173,1
347,424,1
347,407,3
347,356,1
347,440,1
347,412,3
347,333,1
347,4,2
347,271,1
347,466,3
347,334,3
347,331,5
347,299,1
347,54,1
347,209,2
347,61,4
347,27,1
347,179,1
347,464,1
347,158,1
347,23,2
347,171,2
347,313,1
347,15,3
347,339,2
347,88,1
347,74,2
347,107,3
347,370,1
347,151,5
347,312,1
347,238,4
347,386,2
347,178,2
347,131,1
347,261,4
347,62,1
347,228,2
347,21,4
347,239,1
347,104,4
347,11,2
347,72,2
347,79,4
347,226,2
347,277,1
347,149,2
347,468,2
347,164,1
347,175,1
347,488,1
347,369,1
347,309,2
347,58,1
347,427,1
347,291,1
347,145,5
347,234,1
347,64,3
347,103,1
347,498,1
347,108,1
347,297,1
347,160,1
347,444,2
347,490,1
347,311,2
347,90,1
347,470,2
347,225,1
347,353,2
347,332,1
347,446,2
347,122,4
347,206,1
347,455,1
347,290,4
347,26,1
347,92,2
347,111,1
347,496,1
347,105,2
347,432,1
347,29,3
347,83,1
347,433,1
347,448,1
347,110,3
347,249,3
347,22,2
347,471,1
347,180,2
347,230,3
347,41,1
347,14,1
347,220,2
347,45,4
347,320,2
347,394,1
347,305,1
347,409,1
347,476,5
347,44,3
347,152,3
347,497,1
347,137,2
347,189,1
347,425,2
347,459,3
347,467,1
347,267,1
347,335,1
347,167,1
347,303,3
347,142,1
347,371,2
347,146,3
347,436,3
347,56,3
347,281,2
347,244,1
347,121,1
347,12,2
347,57,1
347,478,4
347,183,1
347,223,3
347,140,2
347,454,3
347,449,4
347,6,1
347,337,2
347,37,1
347,315,7
347,426,3
347,240,1
348,179,2
348,74,1
348,362,1
348,277,1
348,428,2
348,50,1
348,196,1
348,102,2
349,74,1
349,84,1
350,466,2
350,294,1
350,333,6
351,54,2
351,211,2
351,117,4
351,464,4
351,26,6
352,238,2
352,151,1
353,90,2
353,307,4
353,179,2
353,468,1
353,228,2
353,409,1
353,333,2
353,54,2
353,300,1
353,297,1
353,370,1
353,171,1
353,464,1
353,15,3
354,104,2
354,409,1
354,333,1
355,44,1
356,333,3
356,444,2
356,353,1
357,277,1
357,101,3
357,54,1
357,451,4
357,52,1
357,321,4
357,482,3
357,70,2
357,429,3
358,367,2
358,464,2
359,60,6
359,464,3
359,424,1
359,88,3
360,305,10
360,423,1
360,301,1
360,464,1
360,375,1
360,54,1
360,61,1
360,424,3
360,74,5
361,22,2
361,218,3
362,183,2
362,54,2
362,171,2
362,23,1
362,331,1
362,157,3
362,195,1
363,140,1
363,88,1
363,464,2
363,394,1
363,40,3
363,388,2
364,464,2
364,50,1
364,359,2
364,267,2
364,249,2
364,243,1
365,209,1
365,197,1
365,388,1
366,464,1
366,46,1
367,74,4
367,464,2
367,104,1
367,25,2
367,434,1
368,430,2
368,74,2
368,15,4
368,333,3
368,54,3
368,309,2
368,373,2
368,209,4
368,23,1
368,464,1
368,27,6
368,386,2
368,448,1
368,440,3
368,228,3
369,427,2
369,424,1
369,104,1
369,461,7
369,231,1
369,225,2
369,477,3
369,277,1
369,61,1
369,149,3
369,180,2
369,466,1
369,133,2
369,209,3
369,407,1
369,145,1
370,440,1
370,464,1
370,56,1
370,379,5
370,88,3
370,101,1
370,348,1
370,171,1
371,464,3
372,333,3
372,52,1
372,464,1
372,466,1
372,209,1
372,181,1
372,74,1
372,146,1
372,165,3
372,299,1
373,236,2
373,79,5
373,185,1
373,204,1
373,464,6
373,197,3
374,54,1
374,90,1
374,333,1
374,145,1
374,196,1
374,464,3
375,455,2
375,171,4
375,54,1
376,464,2
376,209,2
376,41,1
376,424,2
377,464,4
377,54,2
377,486,1
377,333,1
377,13,2
377,350,1
377,360,1
377,145,1
377,166,2
378,407,3
378,424,2
379,155,2
379,348,1
379,464,2
379,123,1
380,464,1
381,367,3
381,430,1
381,101,1
381,333,9
381,54,1
381,196,1
381,464,1
381,104,5
381,174,1
381,74,1
381,348,2
381,428,1
381,53,1
382,255,2
383,88,2
383,277,7
384,54,3
384,464,1
384,176,4
384,93,3
384,447,4
384,113,1
384,324,1
384,382,1
384,277,2
384,248,1
384,344,1
384,348,1
384,101,2
384,183,2
385,54,1
385,18,2
385,73,6
386,236,2
386,415,1
386,333,6
386,244,1
386,311,1
386,348,1
386,171,4
387,209,4
387,425,1
387,362,2
387,24,2
387,54,1
387,464,1
387,15,1
388,166,1
388,248,1
388,52,2
389,176,3
389,464,1
389,466,1
389,148,2
390,464,2
390,88,1
390,139,3
390,106,4
390,360,1
391,54,5
391,123,2
391,11,3
391,388,1
391,59,2
391,400,1
391,102,4
391,490,1
391,293,1
391,23,5
391,425,1
391,209,1
391,333,2
392,138,1
392,238,2
392,147,3
392,88,1
392,464,1
392,18,1
392,364,1
392,100,1
392,474,1
392,434,2
392,466,2
392,495,1
393,147,1
393,388,1
393,238,1
394,209,2
394,333,1
394,185,2
394,74,5
395,282,2
395,448,2
395,90,2
395,240,1
395,425,1
396,89,2
396,104,1
397,366,4
397,436,3
397,54,2
397,388,3
397,4,1
397,402,7
397,348,3
397,231,2
397,425,2
397,27,2
398,250,3
398,197,1
398,466,1
398,209,2
399,440,1
399,157,1
399,464,1
399,74,1
399,388,1
400,237,3
401,364,1
401,464,1
401,324,2
401,139,3
401,367,1
402,244,1
402,54,2
402,360,1
402,147,2
402,425,2
403,350,2
403,464,4
404,327,1
404,415,1
404,104,5
404,11,1
404,167,1
404,209,1
404,333,1
405,209,5
405,388,2
405,335,1
405,228,1
405,450,1
405,464,1
405,322,1
405,54,2
405,198,5
405,333,3
405,38,1
405,11,1
406,180,1
406,160,1
406,348,4
406,277,1
406,234,3
406,54,1
406,356,1
406,398,1
406,84,6
406,424,1
406,464,3
407,110,2
408,464,1
408,324,1
408,476,1
409,241,1
409,209,1
409,220,2
409,497,1
409,54,4
410,23,2
410,428,1
410,440,2
410,378,1
410,464,2
411,427,1
411,464,2
411,466,2
412,464,1
412,322,4
413,44,4
413,273,2
413,104,3
413,277,1
413,464,1
414,494,3
414,185,4
414,171,3
414,101,4
414,210,1
414,370,1
414,27,1
415,440,1
415,59,1
415,61,2
415,87,1
415,23,4
415,348,3
416,209,1
416,440,2
416,7,3
417,464,1
417,20,1
417,142,1
417,11,3
417,65,3
417,401,1
417,4,1
417,281,3
417,209,3
417,54,1
417,366,2
417,370,1
417,403,1
417,425,1
417,149,2
417,494,3
417,35,3
417,348,1
417,466,1
417,98,1
417,121,2
417,328,1
417,428,2
417,160,2
417,103,3
417,104,1
417,305,1
417,171,1
418,277,2
418,104,1
418,238,1
418,235,1
418,466,2
418,88,1
419,102,1
419,209,3
419,23,3
420,448,6
420,54,1
420,255,2
420,427,1
420,249,2
420,447,2
420,440,3
420,225,1
420,230,4
420,12,3
420,252,2
420,367,1
420,97,2
420,479,2
421,60,4
421,388,3
421,362,1
421,314,2
421,424,1
422,424,3
422,311,3
422,464,1
422,54,1
422,77,2
422,104,3
422,84,1
422,109,4
422,382,1
422,334,2
422,143,1
422,209,4
422,200,1
422,71,2
423,263,1
423,464,4
423,333,1
423,308,2
423,457,1
423,375,5
423,74,2
423,268,1
423,144,1
423,122,11
424,333,1
424,406,1
424,209,4
424,238,5
424,466,1
424,222,1
424,59,1
424,15,3
424,409,1
424,282,1
425,35,5
425,333,2
425,415,2
425,311,2
425,11,1
425,88,1
426,41,1
426,209,1
426,104,2
426,103,1
427,464,1
427,127,1
427,11,2
428,191,1
428,52,1
428,149,1
428,307,1
428,301,1
428,54,1
428,9,1
429,209,1
430,88,1
430,56,1
430,74,4
431,186,2
431,464,1
431,104,3
431,355,3
431,180,1
431,197,1
431,415,1
431,77,1
431,114,4
431,209,2
432,54,1
432,123,2
432,493,3
432,464,2
432,334,4
432,171,1
432,255,3
432,101,2
432,333,1
432,192,2
432,61,2
432,296,1
432,348,1
432,437,1
432,451,1
432,366,1
432,335,3
432,74,2
432,88,1
432,324,1
432,148,3
432,209,1
432,228,1
432,463,3
432,94,1
432,10,2
432,220,1
432,87,2
432,381,3
432,413,8
432,196,3
432,461,1
432,151,1
432,181,1
432,104,2
432,64,2
432,183,4
432,6,1
432,355,1
432,346,1
432,238,2
432,177,1
432,231,1
432,466,3
432,299,1
432,370,1
432,120,1
432,27,5
432,23,5
433,324,1
433,367,2
433,464,1
433,376,2
434,464,1
434,334,1
435,25,2
435,54,1
436,272,1
436,409,3
436,209,2
436,305,3
437,472,8
437,464,2
437,90,1
437,209,4
437,74,2
437,104,1
437,88,1
437,54,1
437,308,3
437,101,2
438,54,1
438,464,2
438,333,1
439,424,8
439,317,1
439,464,1
439,80,1
439,171,3
439,333,1
439,153,1
439,65,4
439,145,1
440,176,1
440,424,2
440,254,1
440,348,3
441,464,1
441,54,1
441,277,1
441,178,1
441,88,1
441,62,4
442,350,4
442,216,2
442,464,1
442,268,1
442,271,2
442,353,1
442,163,2
443,464,1
443,348,2
443,230,1
443,409,1
443,333,1
443,54,3
443,311,1
443,85,1
444,36,3
444,464,1
444,388,1
444,424,2
444,6,1
445,464,1
445,104,1
445,91,1
446,464,2
446,54,2
447,103,3
447,427,2
447,223,1
447,217,3
447,276,1
447,209,2
447,444,1
447,417,1
447,145,2
447,448,1
447,248,1
447,333,5
447,464,1
447,228,2
448,355,1
448,274,1
448,194,3
448,27,1
448,130,1
448,464,1
448,74,2
448,90,1
448,88,3
448,372,3
448,433,1
448,444,1
449,360,1
449,307,1
449,386,1
449,187,1
449,227,1
450,209,1
450,26,2
450,115,1
450,405,4
450,60,2
450,116,3
451,464,3
451,414,1
451,43,1
452,428,1
453,487,5
453,464,1
453,424,4
453,114,9
453,54,3
453,324,1
453,248,2
453,90,1
453,390,8
453,180,1
453,288,4
453,88,1
453,104,1
453,158,5
453,261,3
453,468,1
453,440,5
453,156,3
453,419,4
454,56,1
454,145,2
454,334,1
454,10,5
454,88,1
454,175,5
454,464,3
454,26,3
454,309,1
454,83,2
454,104,3
455,467,2
455,362,1
455,23,2
455,237,1
456,464,1
456,71,3
456,23,1
456,445,4
456,309,3
456,448,2
457,223,10
457,348,3
458,209,1
458,499,2
458,51,1
459,464,1
459,64,4
459,101,1
459,440,1
459,209,5
459,129,2
459,104,6
459,54,1
459,90,3
459,323,1
459,370,3
459,348,1
460,312,1
461,61,2
461,408,2
461,331,4
461,333,1
461,464,2
461,196,1
461,88,4
461,118,1
461,20,1
461,70,1
461,381,3
462,110,2
462,185,1
462,245,1
463,393,5
463,334,1
463,101,3
463,209,2
464,179,1
464,209,2
464,372,1
464,11,2
464,408,3
464,280,1
465,341,1
466,147,1
466,103,2
466,254,2
466,151,1
467,12,1
467,209,1
467,464,8
467,227,1
467,277,1
468,259,1
468,24,2
468,456,1
468,333,2
468,464,1
468,66,3
469,324,1
469,238,1
469,448,1
469,390,5
470,333,1
470,69,3
470,440,1
470,293,3
470,405,1
470,73,2
470,464,1
470,104,2
471,11,3
471,469,1
471,464,4
471,309,2
471,364,2
471,104,2
471,333,1
471,203,2
471,311,2
471,162,1
471,358,1
471,241,3
471,388,2
471,24,2
471,348,1
471,228,2
471,180,3
472,209,2
472,324,2
472,74,2
472,141,2
472,333,3
473,88,3
473,447,1
473,461,4
473,452,1
474,93,1
474,74,6
474,18,1
474,425,3
475,54,1
476,431,7
476,464,4
476,23,1
476,151,2
476,440,2
476,333,1
477,241,2
477,74,1
478,464,1
478,183,5
478,332,1
478,370,1
478,324,1
478,197,3
478,319,1
478,447,2
479,297,6
479,223,3
479,129,2
480,34,1
480,464,2
480,54,1
480,248,1
480,384,2
481,466,1
481,206,1
481,464,2
482,307,1
483,406,3
483,464,3
483,196,1
483,424,3
483,425,1
484,450,2
484,464,2
484,342,1
484,469,2
484,54,3
485,464,1
485,77,2
485,405,1
486,54,1
486,49,1
486,11,1
486,74,1
487,324,1
487,277,3
487,209,5
487,343,3
487,22,1
487,230,2
487,440,2
487,329,2
488,440,3
488,210,2
488,464,1
488,196,2
488,140,3
489,464,5
489,54,1
489,301,4
489,388,6
489,161,3
489,324,1
489,197,3
489,152,1
489,334,1
489,155,7
489,121,1
490,88,4
490,104,1
490,24,1
490,317,3
490,54,1
490,277,3
490,83,1
491,2,5
491,383,1
491,464,2
491,333,3
491,233,2
491,261,2
491,324,1
491,498,2
491,46,2
491,11,3
492,335,1
492,209,1
493,407,3
493,386,1
493,424,2
493,223,4
493,209,1
494,148,4
494,464,1
494,88,1
494,74,1
495,388,3
495,463,3
496,375,3
496,424,4
496,440,1
496,464,6
496,277,3
496,497,1
496,209,2
496,54,6
496,61,3
496,28,1
496,84,1
497,334,2
497,72,1
497,362,1
498,464,1
498,348,6
498,104,2
498,424,1
498,4,5
498,54,1
498,330,1
498,301,2
498,475,2
498,200,1
498,444,1
498,389,1
498,17,2
498,209,1
498,24,3
498,33,1
498,134,1
498,71,1
498,228,7
498,98,2
498,306,3
498,353,2
498,88,6
498,230,1
498,388,2
498,489,3
498,273,2
498,196,4
498,324,2
498,238,3
498,61,1
499,464,2
499,104,1
499,424,3
499,410,1
499,248,3
