original_node_id,mapped_node_index,in_degree,out_degree,weighted_in_strength,weighted_out_strength,pagerank,hits_authority,hits_hub,betweenness_centrality,k_core_number,reciprocity,local_clustering_coefficient,two_hop_reach,three_hop_reach,top_deg_1,top_deg_2,top_deg_3,top_deg_4,top_deg_5,community_size,within_community_zscore,participation_coefficient,community_id
0,0,1.0,0.0,2.6984358886260873,0.0,0.0012444857641859999,0.0,0.0,0.0,1,0.0,0.0,0.0,0.0,0.0,0.0,0.0,0.0,0.0,29.0,-0.9892497508070557,0.0,0
1,1,2.0,0.0,3.824235331379305,0.0,0.004086095297844778,6.940286141567778e-18,0.0,0.0,1,0.0,0.0,0.0,0.0,0.0,0.0,0.0,0.0,0.0,23.0,0.0,0.0,1
2,2,2.0,0.0,3.479326182335649,0.0,0.0018783613932533824,1.8323013806217445e-19,0.0,0.0,2,0.0,0.0,0.0,0.0,0.0,0.0,0.0,0.0,0.0,20.0,0.0,0.0,2
3,3,3.0,1.0,5.193976874583438,2.0954648730376104,0.003955681205606275,-8.406162033145004e-18,4.306746388687097e-18,0.0013440535689853603,2,0.0,0.0,2.0,3.0,3.0,3.0,0.0,0.0,0.0,32.0,1.0690449665068404,0.375,3
4,4,2.0,2.0,3.7552658378001125,3.183303179097444,0.0018387997256819428,-2.3603336511271756e-17,-3.1551916830580125e-18,3.621701233792887e-05,2,0.0,0.0,3.0,3.0,3.0,1.0,1.0,0.0,0.0,20.0,1.9999999979999998,0.0,4
5,5,2.0,2.0,3.487455054051261,5.2305166904820934,0.0014684870801390682,-6.1877650937278826e-18,-3.678059251900227e-17,4.828934978390516e-05,2,0.0,0.0,2.0,2.0,2.0,1.0,0.0,0.0,0.0,29.0,1.148120993255917,0.375,5
6,6,1.0,0.0,3.2529745176513374,0.0,0.004424980553111012,1.2220579191967399e-17,0.0,0.0,1,0.0,0.0,0.0,0.0,0.0,0.0,0.0,0.0,0.0,32.0,-1.0690449665068404,0.0,3
7,7,2.0,1.0,3.2893501044465516,1.5465489970769,0.0018546452099176942,-6.315716665186872e-18,-1.184678660896108e-18,1.6096449927968387e-05,2,0.0,0.0,1.0,1.0,1.0,0.0,0.0,0.0,0.0,20.0,0.0,0.4444444444444444,2
8,8,0.0,0.0,0.0,0.0,0.0007724660304828264,0.0,0.0,0.0,0,0.0,0.0,0.0,0.0,0.0,0.0,0.0,0.0,0.0,1.0,0.0,0.0,6
9,9,1.0,1.0,2.6375088966739555,1.667062579428258,0.0016163175082785025,-9.820125332848414e-18,-3.025374496917447e-20,1.6096449927968387e-05,2,0.0,0.0,1.0,1.0,2.0,0.0,0.0,0.0,0.0,24.0,0.11867816565037116,0.0,7
10,10,0.0,0.0,0.0,0.0,0.0007724660304828264,0.0,0.0,0.0,0,0.0,0.0,0.0,0.0,0.0,0.0,0.0,0.0,0.0,1.0,0.0,0.0,8
11,11,0.0,2.0,0.0,8.011903335766597,0.0007724660304828264,0.0,5.661407017840893e-17,0.0,1,0.0,0.0,2.0,2.0,1.0,1.0,0.0,0.0,0.0,3.0,1.4142135593730951,0.0,9
12,12,0.0,1.0,0.0,1.61300428530326,0.0007724660304828264,0.0,-6.587703293564555e-19,0.0,1,0.0,0.0,3.0,7.0,6.0,5.0,3.0,0.0,0.0,27.0,-1.0214814318592387,0.0,10
13,13,2.0,2.0,3.9678261862570556,4.797854368974646,0.0012566302465026064,-7.372864700849644e-18,-4.911479546899754e-18,0.000832991283772364,2,0.0,0.0,4.0,7.0,4.0,3.0,3.0,2.0,0.0,29.0,0.8882347873482853,0.375,11
14,14,3.0,1.0,4.724157571482623,1.4695768233755617,0.0040541308040763935,-2.830247034533203e-18,2.921930344810025e-19,5.231346226589726e-05,2,0.0,0.0,1.0,1.0,2.0,0.0,0.0,0.0,0.0,25.0,1.2123357873198437,0.375,12
15,15,0.0,0.0,0.0,0.0,0.0007724660304828264,0.0,0.0,0.0,0,0.0,0.0,0.0,0.0,0.0,0.0,0.0,0.0,0.0,1.0,0.0,0.0,13
16,16,1.0,1.0,5.190644672706848,1.6387238681890712,0.0020243498751064356,-4.1304269777507454e-17,-1.84588570573095e-18,0.001038221020353961,2,0.0,0.0,2.0,4.0,4.0,4.0,0.0,0.0,0.0,23.0,-1.1989578793906799,0.5,1
17,17,3.0,1.0,5.050353796355022,1.6164769966759012,0.004899943071498046,-2.7529681128778468e-17,2.900859602170311e-19,0.0008812806335562692,2,0.0,0.0,3.0,5.0,3.0,3.0,3.0,0.0,0.0,17.0,0.12216944422943958,0.625,14
18,18,1.0,0.0,1.6394925261676638,0.0,0.0034099468316557747,-4.130067993026996e-18,0.0,0.0,1,0.0,0.0,0.0,0.0,0.0,0.0,0.0,0.0,0.0,29.0,-1.148120993255917,0.0,5
19,19,0.0,1.0,0.0,1.4967850699814562,0.0007724660304828264,0.0,3.1801471824425547e-19,0.0,1,0.0,0.0,1.0,1.0,1.0,0.0,0.0,0.0,0.0,2.0,0.0,0.0,15
20,20,0.0,2.0,0.0,4.598211226004754,0.0007724660304828264,0.0,4.0986273110853226e-18,0.0,1,0.0,0.0,3.0,4.0,3.0,3.0,1.0,0.0,0.0,8.0,0.3015113442141273,0.0,16
21,21,1.0,1.0,1.5217667114560827,2.066078661323704,0.0016246778975767965,1.4104338037894875e-17,-2.3396302203612036e-18,9.255458708581823e-05,2,0.0,0.0,2.0,3.0,3.0,2.0,0.0,0.0,0.0,10.0,0.0,0.0,17
22,22,3.0,1.0,5.141920464493286,1.5277178998380299,0.0030087724647492008,-1.8433830180558572e-17,8.149363594779729e-19,0.0035492672091170293,2,0.0,0.0,2.0,3.0,4.0,3.0,0.0,0.0,0.0,24.0,0.11867816565037116,0.625,7
23,23,0.0,0.0,0.0,0.0,0.0007724660304828264,0.0,0.0,0.0,0,0.0,0.0,0.0,0.0,0.0,0.0,0.0,0.0,0.0,1.0,0.0,0.0,18
24,24,0.0,2.0,0.0,3.252645393786116,0.0007724660304828264,0.0,-9.817956003333549e-18,0.0,1,0.0,0.0,3.0,5.0,4.0,3.0,2.0,0.0,0.0,17.0,0.12216944422943958,0.0,14
25,25,0.0,1.0,0.0,1.5115794239384968,0.0007724660304828264,0.0,-2.5567417273260866e-20,0.0,1,0.0,0.0,3.0,5.0,4.0,3.0,3.0,0.0,0.0,27.0,-1.0214814318592387,0.0,10
26,26,2.0,1.0,3.738058223687483,1.4833959231744294,0.001774788417833993,-1.5369979624386935e-17,-3.220882941078474e-20,4.024112481992097e-05,2,0.0,0.0,2.0,3.0,2.0,2.0,0.0,0.0,0.0,20.0,0.0,0.4444444444444444,2
27,27,2.0,0.0,4.655865139544243,0.0,0.0023993136568966544,-6.062025503582942e-18,0.0,0.0,2,0.0,0.0,0.0,0.0,0.0,0.0,0.0,0.0,0.0,25.0,0.08980265091258109,0.0,12
28,28,1.0,3.0,1.5743248474099438,5.7037731363337905,0.0014961587764928492,-1.0698280917646657e-17,-1.3324303152553906e-17,0.0030985666111339144,2,0.0,0.0,8.0,16.0,6.0,5.0,4.0,3.0,3.0,29.0,-0.06382256456819727,0.625,0
29,29,1.0,1.0,1.7173039903265632,1.4190893753578322,0.0033880182302071936,-1.2898316053010194e-18,3.666413193985293e-19,2.414467489195258e-05,2,0.0,0.0,1.0,1.0,2.0,0.0,0.0,0.0,0.0,16.0,0.1348399723471939,0.0,19
30,30,2.0,0.0,3.2944684488661977,0.0,0.004830467059397029,-1.3685562305059876e-17,0.0,0.0,2,0.0,0.0,0.0,0.0,0.0,0.0,0.0,0.0,0.0,23.0,-1.1989578793906799,0.5,1
31,31,0.0,0.0,0.0,0.0,0.0007724660304828264,0.0,0.0,0.0,0,0.0,0.0,0.0,0.0,0.0,0.0,0.0,0.0,0.0,1.0,0.0,0.0,20
32,32,2.0,0.0,4.557048408375861,0.0,0.0012865904069353801,-1.2997857257321135e-17,0.0,0.0,2,0.0,0.0,0.0,0.0,0.0,0.0,0.0,0.0,0.0,25.0,0.08980265091258109,0.0,12
33,33,0.0,4.0,0.0,6.538097827572583,0.0007724660304828264,0.0,-7.167864233270528e-18,0.0,2,0.0,0.0,8.0,10.0,5.0,4.0,3.0,3.0,3.0,27.0,0.8805874412579646,0.375,10
34,34,0.0,0.0,0.0,0.0,0.0007724660304828264,0.0,0.0,0.0,0,0.0,0.0,0.0,0.0,0.0,0.0,0.0,0.0,0.0,1.0,0.0,0.0,21
35,35,2.0,2.0,3.087285646787162,3.6870419038238875,0.003087320992298167,-9.074313070042525e-19,1.86911323076789e-19,0.028450475247684123,2,0.0,0.0,4.0,7.0,4.0,3.0,2.0,2.0,0.0,33.0,0.9009191994005791,0.375,22
36,36,1.0,1.0,1.5442545219169614,1.5844918715092093,0.003487155964110688,1.354758421535221e-19,1.5221040100630162e-19,0.0013521017939493445,2,0.0,0.0,2.0,4.0,5.0,2.0,0.0,0.0,0.0,25.0,0.0,0.0,23
37,37,0.0,2.0,0.0,5.905647316974593,0.0007724660304828264,0.0,3.1768303676608116e-17,0.0,2,0.0,0.0,6.0,10.0,4.0,3.0,3.0,3.0,2.0,20.0,0.0,0.0,2
38,38,1.0,0.0,3.0816199061297427,0.0,0.0017275721277357288,1.534482236570797e-17,0.0,0.0,1,0.0,0.0,0.0,0.0,0.0,0.0,0.0,0.0,0.0,17.0,-0.9162708317207967,0.0,14
39,39,4.0,1.0,8.36107180623539,2.0904726600420402,0.0029455630087784667,-1.5930091133040948e-16,-7.810778856693821e-19,0.004973803027742232,2,0.0,0.0,2.0,4.0,4.0,3.0,0.0,0.0,0.0,29.0,0.8616046216706612,0.48,0
40,40,2.0,0.0,3.9309278921521993,0.0,0.0017381017194708966,-1.3271702300041568e-17,0.0,0.0,1,0.0,0.0,0.0,0.0,0.0,0.0,0.0,0.0,0.0,17.0,0.12216944422943958,0.0,14
41,41,3.0,2.0,5.857275057708941,3.35603025705172,0.008204093546503387,-8.26269319922805e-18,-1.6120124612130159e-18,0.0223016313752002,2,0.0,0.0,4.0,6.0,4.0,3.0,3.0,2.0,0.0,22.0,0.0,0.72,24
42,42,0.0,1.0,0.0,2.002755916695641,0.0007724660304828264,0.0,-1.7100707607670218e-19,0.0,1,0.0,0.0,4.0,5.0,6.0,4.0,3.0,2.0,0.0,29.0,-1.0198251262146982,0.0,11
43,43,2.0,1.0,4.007779857537184,2.226913039936368,0.0019392857402558438,-1.0190276050392662e-17,3.2477743408106006e-18,2.0120562409960485e-05,2,0.0,0.0,1.0,1.0,1.0,0.0,0.0,0.0,0.0,20.0,0.9999999989999999,0.0,4
44,44,0.0,0.0,0.0,0.0,0.0007724660304828264,0.0,0.0,0.0,0,0.0,0.0,0.0,0.0,0.0,0.0,0.0,0.0,0.0,1.0,0.0,0.0,25
45,45,1.0,2.0,3.260749563336458,4.262585225133565,0.003894959825454887,1.7405215179025408e-19,-5.901393980136854e-19,0.013706127113665081,2,0.0,0.0,6.0,10.0,4.0,4.0,3.0,3.0,3.0,29.0,-0.06579516943320646,0.4444444444444444,11
46,46,3.0,1.0,5.823190460818963,2.621175091026853,0.004152662296860919,-7.769113344385506e-18,3.0261242843645634e-18,0.019746319949135217,2,0.0,0.0,3.0,5.0,4.0,3.0,3.0,0.0,0.0,29.0,-0.06579516943320646,0.625,11
47,47,1.0,0.0,1.8611936384315844,0.0,0.0015177081682122397,4.053270801521514e-18,0.0,0.0,1,0.0,0.0,0.0,0.0,0.0,0.0,0.0,0.0,0.0,29.0,-1.148120993255917,0.0,5
48,48,2.0,3.0,3.0484325083133825,6.139047992875431,0.0013881512012923185,2.2731723022736484e-17,1.8300362785350957e-18,0.0008692082961102929,2,0.0,0.0,7.0,14.0,5.0,4.0,4.0,3.0,3.0,33.0,0.9009191994005791,0.5599999999999999,22
49,49,2.0,1.0,4.079285352059861,3.87016377502056,0.0036508683294626445,-5.868800301876317e-17,-8.42851935668064e-18,0.013673934213809144,2,0.0,0.0,3.0,5.0,5.0,3.0,2.0,0.0,0.0,23.0,1.1989578793906799,0.0,1
50,50,0.0,0.0,0.0,0.0,0.0007724660304828264,0.0,0.0,0.0,0,0.0,0.0,0.0,0.0,0.0,0.0,0.0,0.0,0.0,1.0,0.0,0.0,26
51,51,1.0,1.0,1.9873016707827598,2.2503223544182807,0.0016073525278367446,-1.2692303951878299e-18,8.300585023431112e-19,0.0010744380326918898,2,0.0,0.0,2.0,4.0,4.0,3.0,0.0,0.0,0.0,23.0,0.0,0.0,1
52,52,0.0,2.0,0.0,4.492553984362543,0.0007724660304828264,0.0,4.2552151470252552e-19,0.0,2,0.0,0.0,7.0,13.0,6.0,5.0,5.0,4.0,3.0,29.0,-0.9892497508070557,0.5,0
53,53,2.0,2.0,5.813968509696875,3.7319670465284864,0.0024095281386353534,-7.77839014681089e-17,-3.775863120716424e-19,0.0007203161342765853,2,0.0,0.0,5.0,6.0,3.0,3.0,3.0,2.0,2.0,29.0,2.296241986511834,0.0,5
54,54,0.0,1.0,0.0,2.0564094207653816,0.0007724660304828264,0.0,-7.037372715292736e-18,0.0,1,0.0,0.0,3.0,4.0,4.0,3.0,1.0,0.0,0.0,20.0,-0.9999999989999999,0.0,4
55,55,1.0,2.0,2.031015358273125,3.575759806886169,0.0013259340803130951,6.2416414162700706e-18,2.6100144601077522e-18,0.00017706094920765225,2,0.0,0.0,4.0,7.0,5.0,5.0,3.0,1.0,0.0,22.0,1.105541595562911,0.0,24
56,56,3.0,2.0,5.635240871026383,5.147418339273141,0.008390139336108885,-4.618223662828152e-18,1.1705885648722621e-18,0.007472776879059323,2,0.0,0.0,4.0,6.0,2.0,2.0,2.0,2.0,0.0,32.0,2.138089933013681,0.31999999999999984,3
57,57,0.0,1.0,0.0,2.3387525707597003,0.0007724660304828264,0.0,-1.9815332353844695e-18,0.0,1,0.0,0.0,2.0,3.0,4.0,4.0,0.0,0.0,0.0,33.0,-1.0171668380329117,0.0,22
58,58,1.0,0.0,1.5016728343933765,0.0,0.0016313672791547088,-2.540611781170897e-19,0.0,0.0,1,0.0,0.0,0.0,0.0,0.0,0.0,0.0,0.0,0.0,24.0,-1.305459822154084,0.0,7
59,59,0.0,1.0,0.0,1.4813959107748262,0.0007724660304828264,0.0,-8.719646466540456e-19,0.0,1,0.0,0.0,1.0,1.0,2.0,0.0,0.0,0.0,0.0,29.0,-0.9892497508070557,0.0,0
60,60,2.0,1.0,3.990487107303249,1.7778425759025667,0.0019650943166903473,3.2492783714281934e-17,3.5451038743267273e-19,2.0120562409960485e-05,2,0.0,0.0,1.0,1.0,2.0,0.0,0.0,0.0,0.0,20.0,1.118033987499895,0.0,2
61,61,0.0,1.0,0.0,2.1381704792826497,0.0007724660304828264,0.0,-7.058275012465602e-20,0.0,1,0.0,0.0,2.0,4.0,4.0,3.0,0.0,0.0,0.0,13.0,-0.9013878180534972,0.0,28
62,62,1.0,0.0,1.5068491624785474,0.0,0.001987167611108312,6.735110067771513e-19,0.0,0.0,1,0.0,0.0,0.0,0.0,0.0,0.0,0.0,0.0,0.0,3.0,-0.7071067796865473,0.0,29
63,63,1.0,2.0,5.857707959516594,8.053696179100264,0.002705023112884888,-1.4162408685505171e-15,0.7000662908917564,0.006470772871043292,2,0.0,0.0,7.0,13.0,6.0,5.0,4.0,4.0,4.0,22.0,1.1726039385808573,0.0,30
64,64,1.0,2.0,2.266457862509275,3.5273832038405297,0.0014290609935128603,-4.8568443504865194e-18,-7.773230018357804e-18,3.219289985593677e-05,2,0.0,0.0,5.0,6.0,5.0,4.0,4.0,2.0,2.0,27.0,0.8805874412579646,0.0,10
65,65,1.0,0.0,1.4226554492878265,0.0,0.0017086747929297374,-1.6310291494571504e-19,0.0,0.0,1,0.0,0.0,0.0,0.0,0.0,0.0,0.0,0.0,0.0,20.0,-0.9999999989999999,0.0,4
66,66,0.0,1.0,0.0,2.266457862509275,0.0007724660304828264,0.0,-1.5959872030519556e-18,0.0,1,0.0,0.0,3.0,6.0,5.0,4.0,3.0,0.0,0.0,27.0,-1.0214814318592387,0.0,10
67,67,1.0,1.0,2.094766996998681,2.396895140484157,0.0014290609935128603,-8.009612122404493e-18,-6.5006552066632585e-18,8.048224963984193e-06,1,0.0,0.0,2.0,2.0,4.0,2.0,0.0,0.0,0.0,27.0,-0.07044699530063706,0.0,10
68,68,0.0,0.0,0.0,0.0,0.0007724660304828264,0.0,0.0,0.0,0,0.0,0.0,0.0,0.0,0.0,0.0,0.0,0.0,0.0,1.0,0.0,0.0,31
69,69,1.0,1.0,2.3038306046118633,1.7594105046829644,0.0014290609935128603,2.3318490351258065e-18,9.431407940135709e-19,0.0003420495609693282,1,0.0,0.0,3.0,6.0,5.0,3.0,3.0,0.0,0.0,22.0,0.0,0.0,24
70,70,0.0,2.0,0.0,5.1977526075151825,0.0007724660304828264,0.0,-2.5065445628178228e-18,0.0,2,0.0,0.0,7.0,11.0,6.0,4.0,4.0,2.0,2.0,27.0,-0.07044699530063706,0.0,10
71,71,2.0,1.0,3.4468732261425474,1.7156154576212534,0.0038595519312092205,3.6791962825842544e-18,-1.4535736233575015e-18,0.004084474169221978,2,0.0,0.0,2.0,3.0,4.0,4.0,0.0,0.0,0.0,25.0,-1.0327304854946815,0.6666666666666667,12
72,72,0.0,1.0,0.0,1.720100078005461,0.0007724660304828264,0.0,-7.058389651944615e-19,0.0,1,0.0,0.0,2.0,2.0,4.0,2.0,0.0,0.0,0.0,25.0,-1.0327304854946815,0.0,12
73,73,1.0,1.0,2.8209421862561,1.42296381049435,0.0016925737732294052,-1.77694041163347e-17,-5.839098063835511e-19,4.024112481992097e-05,2,0.0,0.0,2.0,2.0,4.0,2.0,0.0,0.0,0.0,27.0,-1.0214814318592387,0.5,10
74,74,0.0,2.0,0.0,3.6368867364427837,0.0007724660304828264,0.0,3.633410817629351e-18,0.0,1,0.0,0.0,6.0,8.0,6.0,4.0,3.0,2.0,1.0,17.0,0.12216944422943958,0.0,14
75,75,2.0,0.0,5.179235434436532,0.0,0.002378633764159087,5.334252948116733e-18,0.0,0.0,1,0.0,0.0,0.0,0.0,0.0,0.0,0.0,0.0,0.0,17.0,0.12216944422943958,0.0,14
76,76,1.0,1.0,1.5568087846208658,1.9144054924514147,0.0009394384329696827,1.3756662026480751e-18,-1.6825937085886543e-18,4.024112481992097e-06,2,0.0,0.0,1.0,1.0,2.0,0.0,0.0,0.0,0.0,25.0,0.08980265091258109,0.0,12
77,77,2.0,1.0,3.7545878566772384,1.9147400546736462,0.005144131501269942,-2.276819890169847e-19,-2.3512136953286402e-18,6.438579971187355e-05,2,0.0,0.3333333333333333,3.0,4.0,5.0,4.0,4.0,0.0,0.0,13.0,0.9013878180534972,0.0,28
78,78,0.0,3.0,0.0,5.724491075472165,0.0007724660304828264,0.0,-2.7677363389903144e-18,0.0,2,0.0,0.0,6.0,9.0,4.0,4.0,4.0,4.0,3.0,33.0,-0.058123819316166336,0.4444444444444444,22
79,79,3.0,1.0,6.994493296232644,3.66352716885505,0.0053205514772938075,-1.8705982637808144e-17,-8.10627787221314e-18,0.0006639785595286959,2,0.0,0.0,1.0,1.0,2.0,0.0,0.0,0.0,0.0,27.0,1.8316218778165663,0.0,10
80,80,0.0,4.0,0.0,7.067665682215951,0.0007724660304828264,0.0,-8.889515954796904e-17,0.0,2,0.0,0.0,11.0,16.0,5.0,4.0,3.0,3.0,3.0,23.0,0.0,0.625,1
81,81,1.0,1.0,4.489674878781475,1.5736264026481477,0.003286750370051701,3.914143515098701e-17,-6.633096252514952e-19,7.243402467585774e-05,2,0.0,0.0,1.0,1.0,3.0,0.0,0.0,0.0,0.0,10.0,0.0,0.0,17
82,82,1.0,0.0,3.6331342747609825,0.0,0.0014290609935128603,1.7975380642265476e-17,0.0,0.0,1,0.0,0.0,0.0,0.0,0.0,0.0,0.0,0.0,0.0,2.0,0.0,0.0,32
83,83,2.0,0.0,3.1645848976454323,0.0,0.007610418906616366,1.5039033060035463e-18,0.0,0.0,2,0.0,0.0,0.0,0.0,0.0,0.0,0.0,0.0,0.0,17.0,-0.9162708317207967,0.5,14
84,84,0.0,3.0,0.0,5.423358104838449,0.0007724660304828264,0.0,-1.1890906590621783e-17,0.0,2,0.0,0.0,9.0,13.0,5.0,5.0,4.0,4.0,3.0,29.0,-0.06382256456819727,0.4444444444444444,0
85,85,1.0,2.0,2.866332579400864,3.324649819922795,0.002819715647845826,-1.195019219448671e-19,-1.3876517778937823e-18,0.001577452092940902,2,0.0,0.0,4.0,9.0,5.0,5.0,4.0,2.0,0.0,33.0,-0.058123819316166336,0.4444444444444444,22
86,86,3.0,1.0,5.996213102203182,1.6786890414866291,0.0016284644282133585,-7.340115834150397e-17,-1.6862444275383146e-17,0.0013521017939493445,2,0.0,0.0,3.0,7.0,6.0,4.0,2.0,0.0,0.0,25.0,2.4999999968749997,0.0,23
87,87,0.0,2.0,0.0,4.248058843180164,0.0007724660304828264,0.0,-7.425946571325074e-18,0.0,1,0.0,0.0,3.0,3.0,3.0,1.0,1.0,0.0,0.0,29.0,0.0,0.0,5
88,88,0.0,1.0,0.0,3.338462923842426,0.0007724660304828264,0.0,2.075035003467765e-18,0.0,1,0.0,0.0,2.0,3.0,3.0,3.0,0.0,0.0,0.0,8.0,-0.9045340326423819,0.0,16
89,89,2.0,1.0,3.654934074597931,1.4153267824005533,0.002214907756928203,-6.366087314112934e-17,-2.8083222514977536e-18,5.231346226589726e-05,2,0.0,0.0,1.0,1.0,2.0,0.0,0.0,0.0,0.0,20.0,-0.9999999989999999,0.6666666666666667,4
90,90,0.0,1.0,0.0,1.5200687200226872,0.0007724660304828264,0.0,1.0716520918697382e-17,0.0,1,0.0,0.0,2.0,3.0,4.0,3.0,0.0,0.0,0.0,13.0,-0.9013878180534972,0.0,28
91,91,2.0,0.0,4.562307288767986,0.0,0.010719942748347483,-2.188360394287264e-17,0.0,0.0,2,0.0,0.0,0.0,0.0,0.0,0.0,0.0,0.0,0.0,13.0,0.0,0.0,28
92,92,1.0,1.0,1.9458053104446453,1.7943106320580726,0.0014290609935128603,-9.640200992522611e-18,1.4471656606708774e-19,2.8168787373944675e-05,1,0.0,0.0,2.0,4.0,3.0,3.0,0.0,0.0,0.0,25.0,0.0,0.0,23
93,93,2.0,1.0,5.855139466277615,1.9079630254139615,0.0016495280717373378,-6.180049598773392e-17,-1.8045959361565976e-18,3.621701233792887e-05,2,0.0,0.0,2.0,3.0,5.0,3.0,0.0,0.0,0.0,25.0,0.0,0.4444444444444444,23
94,94,2.0,2.0,4.443545053279619,4.0111386723300875,0.0031996690143122133,1.564411474099087e-18,-4.0351114479725816e-19,0.026365984982012217,2,0.0,0.0,4.0,6.0,4.0,4.0,3.0,1.0,0.0,33.0,1.8599622181173245,0.0,22
95,95,1.0,0.0,4.288236764615398,0.0,0.0011238974621823545,7.322017358085165e-17,0.0,0.0,1,0.0,0.0,0.0,0.0,0.0,0.0,0.0,0.0,0.0,3.0,-0.7071067796865473,0.0,9
96,96,0.0,1.0,0.0,2.0249749157211117,0.0007724660304828264,0.0,8.800569970538588e-19,0.0,1,0.0,0.0,2.0,2.0,5.0,2.0,0.0,0.0,0.0,27.0,-1.0214814318592387,0.0,10
97,97,3.0,4.0,6.89691735941665,9.041183356533757,0.0023316879568362975,-7.156017418587873e-18,4.501973647829605e-17,0.004659922254146848,2,0.0,0.0,7.0,11.0,5.0,5.0,3.0,3.0,2.0,29.0,2.712458994148378,0.40816326530612246,0
98,98,0.0,1.0,0.0,3.815482983916168,0.0007724660304828264,0.0,-6.705109221019702e-18,0.0,1,0.0,0.0,2.0,3.0,3.0,2.0,0.0,0.0,0.0,8.0,-0.9045340326423819,0.0,16
99,99,1.0,0.0,1.6643917770760746,0.0,0.0015808877078574016,1.9298474905356473e-18,0.0,0.0,1,0.0,0.0,0.0,0.0,0.0,0.0,0.0,0.0,0.0,25.0,-1.2499999984374999,0.0,23
100,100,1.0,2.0,2.1452766827883916,3.179371989935384,0.0031821551162060017,6.5447766837422254e-18,-1.7524953613652714e-18,0.00010060281204980241,2,0.0,0.0,4.0,5.0,5.0,3.0,3.0,1.0,0.0,25.0,0.0,0.4444444444444444,23
101,101,0.0,0.0,0.0,0.0,0.0007724660304828264,0.0,0.0,0.0,0,0.0,0.0,0.0,0.0,0.0,0.0,0.0,0.0,0.0,1.0,0.0,0.0,33
102,102,0.0,1.0,0.0,1.500243009298305,0.0007724660304828264,0.0,-6.059237762360274e-20,0.0,1,0.0,0.0,1.0,1.0,1.0,0.0,0.0,0.0,0.0,2.0,0.0,0.0,34
103,103,0.0,3.0,0.0,5.290456018057375,0.0007724660304828264,0.0,7.880960421986941e-18,0.0,2,0.0,0.0,10.0,17.0,6.0,6.0,4.0,3.0,3.0,20.0,0.0,0.4444444444444444,2
104,104,0.0,1.0,0.0,1.757094105386737,0.0007724660304828264,0.0,-1.8081767241683247e-18,0.0,1,0.0,0.0,3.0,5.0,3.0,3.0,2.0,0.0,0.0,22.0,-1.1726039385808573,0.0,30
105,105,0.0,2.0,0.0,3.4091868524556856,0.0007724660304828264,0.0,-1.1856586820812414e-17,0.0,2,0.0,0.0,2.0,2.0,3.0,2.0,0.0,0.0,0.0,24.0,0.11867816565037116,0.0,7
106,106,1.0,0.0,2.1993661751379743,0.0,0.004840700223767188,2.011264274009301e-20,0.0,0.0,1,0.0,0.0,0.0,0.0,0.0,0.0,0.0,0.0,0.0,32.0,-1.0690449665068404,0.0,3
107,107,1.0,1.0,1.7038431967653627,3.18180907944761,0.002272257963359159,-6.581559136028441e-18,8.899685653535373e-18,0.002084490265671906,2,0.0,0.0,4.0,8.0,6.0,3.0,3.0,3.0,0.0,22.0,-1.1726039385808573,0.5,30
108,108,2.0,1.0,6.526856440394975,2.136831420139099,0.0034509076383565543,-1.1050618124425258e-17,-5.051838182102595e-18,0.0025150703012450605,1,0.0,0.0,3.0,7.0,6.0,3.0,2.0,0.0,0.0,8.0,1.5075567210706364,0.0,16
109,109,2.0,1.0,4.329646246426416,1.704086581003426,0.00573159350172869,1.4175596515841938e-17,-2.9159392116655077e-19,0.0006519062220827197,2,0.0,0.0,2.0,2.0,3.0,2.0,0.0,0.0,0.0,32.0,0.0,0.4444444444444444,3
110,110,0.0,1.0,0.0,1.90849869144416,0.0007724660304828264,0.0,-2.9564686224629414e-19,0.0,1,0.0,0.0,1.0,1.0,2.0,0.0,0.0,0.0,0.0,20.0,-1.118033987499895,0.0,2
111,111,2.0,1.0,4.292389039495575,2.3576618335135286,0.002649078285122666,-7.810391436933589e-18,-2.322778602779525e-18,0.00014084393686972338,2,0.0,0.0,2.0,4.0,4.0,2.0,0.0,0.0,0.0,10.0,0.0,0.4444444444444444,17
112,112,1.0,0.0,1.8519279078941902,0.0,0.0013320219003109214,-4.425027175010786e-18,0.0,0.0,1,0.0,0.0,0.0,0.0,0.0,0.0,0.0,0.0,0.0,25.0,-1.0327304854946815,0.0,12
113,113,1.0,0.0,2.2838447121643566,0.0,0.002182112815285634,-1.3264274203528249e-18,0.0,0.0,1,0.0,0.0,0.0,0.0,0.0,0.0,0.0,0.0,0.0,22.0,-1.105541595562911,0.0,24
114,114,1.0,2.0,2.4660130127668913,4.82873955838181,0.0013222976847850937,-7.316932623808716e-18,-2.0003160907282852e-17,0.0014446563810351627,2,0.0,0.0,7.0,14.0,7.0,6.0,4.0,3.0,3.0,29.0,0.8616046216706612,0.0,0
115,115,2.0,2.0,3.6212497542993356,3.60398498554865,0.002827044879189698,-4.578391332915655e-18,8.29221645620744e-19,0.00909851832178413,2,0.0,0.0,5.0,7.0,3.0,3.0,3.0,2.0,2.0,29.0,-0.06579516943320646,0.625,11
116,116,2.0,0.0,3.859571522274279,0.0,0.002107417099315042,-4.845712040968439e-18,0.0,0.0,2,0.0,0.0,0.0,0.0,0.0,0.0,0.0,0.0,0.0,27.0,-0.07044699530063706,0.0,10
117,117,2.0,0.0,3.0943184304060867,0.0,0.001344744582220064,-8.269724433344701e-18,0.0,0.0,2,0.0,0.0,0.0,0.0,0.0,0.0,0.0,0.0,0.0,24.0,0.11867816565037116,0.0,7
118,118,2.0,0.0,3.5659504264111157,0.0,0.0027164996761224183,-4.059758180611256e-18,0.0,0.0,1,0.0,0.0,0.0,0.0,0.0,0.0,0.0,0.0,0.0,29.0,-0.06382256456819727,0.0,0
119,119,1.0,2.0,2.6143993743333036,2.834883633223667,0.008883965585403723,5.340265084330969e-19,-1.744334116378018e-18,0.031818657395111506,2,0.0,0.0,6.0,9.0,4.0,4.0,3.0,3.0,1.0,22.0,-1.105541595562911,0.6666666666666667,24
120,120,1.0,2.0,1.7594105046829644,3.6023948247917725,0.001987167611108312,3.697275214338209e-18,2.0581678446704542e-19,0.0006760508969746723,2,0.0,0.0,5.0,8.0,5.0,5.0,3.0,3.0,1.0,22.0,1.105541595562911,0.0,24
121,121,1.0,1.0,1.4552075275481935,2.1886166878337927,0.00278864841338158,8.422014323811086e-19,3.690806080427386e-18,0.002112659053045851,2,0.0,0.0,2.0,3.0,3.0,2.0,0.0,0.0,0.0,32.0,0.0,0.0,3
122,122,0.0,0.0,0.0,0.0,0.0007724660304828264,0.0,0.0,0.0,0,0.0,0.0,0.0,0.0,0.0,0.0,0.0,0.0,0.0,1.0,0.0,0.0,35
123,123,2.0,2.0,4.065040000257554,4.407750657696427,0.005801573584908264,-8.469440286031627e-18,6.656262303447432e-17,7.243402467585774e-05,2,0.0,0.16666666666666666,4.0,4.0,5.0,4.0,3.0,2.0,0.0,13.0,1.8027756361069944,0.0,28
124,124,3.0,2.0,5.581240963237989,3.5660071867968535,0.0016798446127808194,-6.317591660951312e-17,5.862219086851464e-18,0.0035693877715269897,2,0.0,0.0,5.0,9.0,6.0,3.0,3.0,3.0,1.0,29.0,1.148120993255917,0.5599999999999999,5
125,125,1.0,2.0,1.6682127204021409,3.283786687861788,0.0010675181861457116,3.626882476609131e-18,-1.9859764301469854e-19,0.0004788693853570595,2,0.0,0.0,6.0,13.0,6.0,4.0,3.0,3.0,2.0,22.0,0.0,0.4444444444444444,24
126,126,0.0,3.0,0.0,6.497551406383688,0.0007724660304828264,0.0,-5.727869881412403e-18,0.0,2,0.0,0.0,7.0,11.0,4.0,3.0,3.0,2.0,2.0,25.0,1.2123357873198437,0.0,12
127,127,0.0,4.0,0.0,7.827545946663109,0.0007724660304828264,0.0,-2.35729951758839e-16,0.0,2,0.0,0.0,11.0,20.0,4.0,4.0,4.0,4.0,4.0,20.0,0.9999999989999999,0.375,4
128,128,0.0,0.0,0.0,0.0,0.0007724660304828264,0.0,0.0,0.0,0,0.0,0.0,0.0,0.0,0.0,0.0,0.0,0.0,0.0,1.0,0.0,0.0,36
129,129,2.0,1.0,3.3271366821346593,3.5072357111249324,0.0025621828553131247,-2.2169562605019527e-18,-4.011811855361707e-17,7.243402467585774e-05,2,0.0,0.0,2.0,2.0,3.0,2.0,0.0,0.0,0.0,23.0,0.0,0.4444444444444444,1
130,130,3.0,1.0,6.149384728919086,2.6143993743333036,0.009542878237904838,-2.747671745192571e-18,2.0242414626078913e-19,0.03217277929352681,2,0.0,0.0,3.0,7.0,4.0,3.0,3.0,0.0,0.0,22.0,1.105541595562911,0.375,24
131,131,1.0,1.0,2.4095619201554777,1.871279748964634,0.0011553846283384726,4.19498677878045e-18,-2.8859905184088403e-19,0.0002655914238114784,2,0.0,0.0,2.0,2.0,3.0,1.0,0.0,0.0,0.0,29.0,0.0,0.0,5
132,132,1.0,1.0,1.394339469713394,3.4645952149039494,0.001987167611108312,3.5999601777698107e-19,-5.006109683158421e-18,1.6096449927968387e-05,1,0.0,0.0,2.0,2.0,3.0,1.0,0.0,0.0,0.0,33.0,-0.058123819316166336,0.0,22
133,133,1.0,2.0,1.9642021968693186,4.09464578327063,0.0011499866857800712,2.8411712635221334e-18,1.368177253024201e-18,0.0005593516349969014,2,0.0,0.0,7.0,9.0,5.0,4.0,3.0,2.0,2.0,33.0,-0.058123819316166336,0.4444444444444444,22
134,134,0.0,0.0,0.0,0.0,0.0007724660304828264,0.0,0.0,0.0,0,0.0,0.0,0.0,0.0,0.0,0.0,0.0,0.0,0.0,1.0,0.0,0.0,37
135,135,1.0,1.0,2.221065167132318,1.722394975821116,0.0011992216677082644,0.040921154393455936,-5.536272326573418e-19,3.621701233792887e-05,2,0.0,0.0,2.0,3.0,3.0,3.0,0.0,0.0,0.0,22.0,-1.1726039385808573,0.5,30
136,136,2.0,1.0,3.388301759348961,2.1452766827883916,0.0028349268964119136,5.562794905862234e-19,2.0356622114743636e-18,9.657869956781032e-05,2,0.0,0.0,3.0,5.0,3.0,3.0,3.0,0.0,0.0,25.0,1.2499999984374999,0.0,23
137,137,2.0,1.0,4.467920664891303,1.6778740521389044,0.004513839608852287,-5.415038615046095e-16,-2.4479414377772484e-18,0.00020120562409960482,2,0.0,0.0,1.0,1.0,1.0,0.0,0.0,0.0,0.0,29.0,-0.06382256456819727,0.4444444444444444,0
138,138,2.0,4.0,4.809642224960038,6.343796563401211,0.0018722403542531197,0.2542940168897446,-5.690550624926698e-17,0.006893304681652461,2,0.0,0.0,9.0,17.0,7.0,5.0,4.0,4.0,3.0,22.0,1.1726039385808573,0.6666666666666666,30
139,139,0.0,1.0,0.0,1.7358417279888099,0.0007724660304828264,0.0,-3.868218395384969e-18,0.0,1,0.0,0.0,2.0,3.0,3.0,2.0,0.0,0.0,0.0,20.0,-1.118033987499895,0.0,2
140,140,1.0,1.0,1.4859277008047582,1.5430934865194519,0.002957956792072355,-1.340534067366254e-18,2.7768719237359518e-18,0.0015694038679769178,2,0.0,0.0,2.0,3.0,4.0,4.0,0.0,0.0,0.0,33.0,-0.058123819316166336,0.0,22
141,141,3.0,0.0,8.752540429234443,0.0,0.0040131147741174515,-3.566636010871707e-16,0.0,0.0,2,0.0,0.0,0.0,0.0,0.0,0.0,0.0,0.0,0.0,16.0,1.213559751124745,0.0,19
142,142,3.0,1.0,5.618894057976088,2.2873820761999277,0.00868186200563633,-5.8437215400556546e-18,-1.7924979983228637e-18,0.007557283241181157,2,0.0,0.0,2.0,5.0,5.0,4.0,0.0,0.0,0.0,33.0,0.9009191994005791,0.375,22
143,143,2.0,2.0,3.6171664232654326,3.522493636604546,0.001989438739547332,1.5585055184371807e-18,-8.074602041436305e-19,0.0005593516349969014,2,0.0,0.0,5.0,8.0,3.0,3.0,3.0,3.0,2.0,23.0,2.3979157587813598,0.0,1
144,144,0.0,0.0,0.0,0.0,0.0007724660304828264,0.0,0.0,0.0,0,0.0,0.0,0.0,0.0,0.0,0.0,0.0,0.0,0.0,1.0,0.0,0.0,38
145,145,2.0,0.0,3.8053803833816726,0.0,0.0017337600513439456,-1.068449100199063e-18,0.0,0.0,1,0.0,0.0,0.0,0.0,0.0,0.0,0.0,0.0,0.0,20.0,0.0,0.0,2
146,146,1.0,1.0,1.4475737961129294,1.5016728343933765,0.0010104730419639883,-3.452316430697644e-18,-5.531478159164921e-20,4.024112481992097e-06,1,0.0,0.0,1.0,1.0,1.0,0.0,0.0,0.0,0.0,24.0,0.11867816565037116,0.0,7
147,147,3.0,1.0,5.672170649398424,2.5194161240713746,0.0016037797077931588,-3.645754476213238e-18,-5.3737117740774825e-18,0.0008007983839164272,2,0.0,0.0,3.0,4.0,4.0,2.0,2.0,0.0,0.0,27.0,-0.07044699530063706,0.625,10
148,148,1.0,1.0,1.5844918715092093,1.421654534809855,0.003736554737000611,6.625623363693794e-19,-1.703112247111504e-18,0.0016136691052788307,2,0.0,0.0,3.0,5.0,5.0,4.0,2.0,0.0,0.0,25.0,-1.2499999984374999,0.5,23
149,149,3.0,1.0,5.532389583269648,2.2341813733888047,0.0018786451297172378,-8.084387521475235e-19,4.591846270162464e-18,4.828934978390516e-05,2,0.0,0.0,2.0,3.0,3.0,3.0,0.0,0.0,0.0,32.0,1.0690449665068404,0.375,3
150,150,0.0,1.0,0.0,1.3920377978962033,0.0007724660304828264,0.0,-1.9281189347292455e-18,0.0,1,0.0,0.0,4.0,5.0,5.0,3.0,1.0,1.0,0.0,25.0,-1.0327304854946815,0.0,12
151,151,1.0,1.0,2.415677302355365,1.5648947072881978,0.0014290609935128603,-4.659248982520802e-18,2.8161042828799527e-18,0.00031388077359538355,1,0.0,0.0,2.0,3.0,4.0,4.0,0.0,0.0,0.0,33.0,-0.058123819316166336,0.0,22
152,152,1.0,3.0,2.2827227831107675,6.652928431608794,0.0009639467693500803,-1.2191158901211797e-16,-2.120070434101831e-17,0.0002132779615455811,2,0.0,0.0,6.0,9.0,4.0,3.0,3.0,3.0,3.0,25.0,1.2123357873198437,0.375,12
153,153,1.0,1.0,3.860594014893504,1.7552407898017228,0.0016187545672547558,4.886484937781139e-17,-4.535825902145893e-18,0.0022655753273615503,2,0.0,0.0,3.0,5.0,5.0,4.0,2.0,0.0,0.0,29.0,-0.06382256456819727,0.0,0
154,154,1.0,2.0,1.8238642350557641,4.457488678389977,0.0014290609935128603,-8.163029016930265e-18,8.713278989446533e-19,0.0003380254484873361,2,0.0,0.0,5.0,9.0,5.0,4.0,3.0,3.0,1.0,22.0,1.105541595562911,0.0,24
155,155,1.0,1.0,1.5381308679341945,3.014427568820159,0.0011154135474956187,-4.169482106687386e-18,-4.974443272228087e-23,0.001500993955783052,2,0.0,0.0,4.0,10.0,6.0,5.0,5.0,4.0,0.0,29.0,-0.06382256456819727,0.0,0
156,156,0.0,1.0,0.0,2.3821134155301995,0.0007724660304828264,0.0,1.8423138237116206e-18,0.0,1,0.0,0.0,1.0,1.0,2.0,0.0,0.0,0.0,0.0,17.0,-0.9162708317207967,0.0,14
157,157,0.0,2.0,0.0,3.993452366075542,0.0007724660304828264,0.0,-1.2466933602762514e-17,0.0,1,0.0,0.0,3.0,3.0,3.0,2.0,1.0,0.0,0.0,24.0,0.11867816565037116,0.0,7
158,158,0.0,3.0,0.0,6.400114874728415,0.0007724660304828264,0.0,7.323416163600152e-18,0.0,2,0.0,0.0,8.0,13.0,4.0,4.0,4.0,3.0,3.0,17.0,0.12216944422943958,0.4444444444444444,14
159,159,1.0,0.0,1.6778740521389044,0.0,0.004609238470724362,-1.0062690058130075e-17,0.0,0.0,1,0.0,0.0,0.0,0.0,0.0,0.0,0.0,0.0,0.0,29.0,-0.9892497508070557,0.0,0
160,160,0.0,2.0,0.0,5.1508401335777965,0.0007724660304828264,0.0,-2.5748847133440545e-16,0.0,2,0.0,0.0,3.0,4.0,4.0,3.0,3.0,0.0,0.0,16.0,-0.9438798064303572,0.5,19
161,161,2.0,0.0,3.7459736610300696,0.0,0.0017479337847783002,-3.372281179786384e-17,0.0,0.0,2,0.0,0.0,0.0,0.0,0.0,0.0,0.0,0.0,0.0,25.0,-1.2499999984374999,0.5,23
162,162,0.0,1.0,0.0,1.7843388062184742,0.0007724660304828264,0.0,-4.768924786275669e-18,0.0,1,0.0,0.0,2.0,3.0,4.0,3.0,0.0,0.0,0.0,24.0,-1.305459822154084,0.0,7
163,163,1.0,0.0,1.8977600052996857,0.0,0.0011884777975408197,2.69261167184062e-17,0.0,0.0,1,0.0,0.0,0.0,0.0,0.0,0.0,0.0,0.0,0.0,29.0,-0.9892497508070557,0.0,0
164,164,1.0,2.0,2.136831420139099,3.5784289148578523,0.003705739230762172,-1.6306156271289632e-17,-3.2132829085323895e-18,0.00299393968660212,2,0.0,0.0,6.0,10.0,6.0,6.0,3.0,2.0,2.0,8.0,-0.9045340326423819,0.6666666666666667,16
165,165,4.0,1.0,6.363052132521673,2.1444955292629486,0.003080464549522096,2.9975303049391834e-18,-4.7451201682659206e-18,4.024112481992097e-05,2,0.0,0.0,1.0,1.0,2.0,0.0,0.0,0.0,0.0,27.0,1.8316218778165663,0.31999999999999984,10
166,166,0.0,0.0,0.0,0.0,0.0007724660304828264,0.0,0.0,0.0,0,0.0,0.0,0.0,0.0,0.0,0.0,0.0,0.0,0.0,1.0,0.0,0.0,39
167,167,1.0,0.0,1.4908765277365228,0.0,0.001123421584969378,3.0033091850037152e-18,0.0,0.0,1,0.0,0.0,0.0,0.0,0.0,0.0,0.0,0.0,0.0,25.0,-1.0327304854946815,0.0,12
168,168,0.0,1.0,0.0,2.8305553018306324,0.0007724660304828264,0.0,2.5604290318215195e-18,0.0,1,0.0,0.0,1.0,1.0,2.0,0.0,0.0,0.0,0.0,25.0,-1.2499999984374999,0.0,23
169,169,0.0,2.0,0.0,4.142256567716834,0.0007724660304828264,0.0,8.136925803222702e-18,0.0,2,0.0,0.0,4.0,5.0,3.0,2.0,2.0,2.0,0.0,23.0,0.0,0.0,1
170,170,1.0,0.0,1.5741688872555346,0.0,0.0020105431999747256,6.3175016236393666e-18,0.0,0.0,1,0.0,0.0,0.0,0.0,0.0,0.0,0.0,0.0,0.0,29.0,-1.148120993255917,0.0,5
171,171,0.0,0.0,0.0,0.0,0.0007724660304828264,0.0,0.0,0.0,0,0.0,0.0,0.0,0.0,0.0,0.0,0.0,0.0,0.0,1.0,0.0,0.0,40
172,172,1.0,1.0,3.6922108117249475,1.6824447351902234,0.005888004709072854,1.8547690514507548e-18,-3.707525952183839e-19,0.003999967807100144,2,0.0,0.0,2.0,4.0,4.0,2.0,0.0,0.0,0.0,32.0,0.0,0.0,3
173,173,2.0,1.0,5.390277657559848,3.055986904233096,0.001722046929350397,4.286978444145536e-18,-4.8962730611128055e-18,0.0010140763454620084,1,0.0,0.0,2.0,4.0,3.0,3.0,0.0,0.0,0.0,8.0,1.5075567210706364,0.0,16
174,174,0.0,1.0,0.0,2.701975165831911,0.0007724660304828264,0.0,-5.455312889485121e-18,0.0,1,0.0,0.0,3.0,4.0,5.0,2.0,2.0,0.0,0.0,24.0,-1.305459822154084,0.0,7
175,175,1.0,0.0,2.7870819849933364,0.0,0.0011369851895648886,-6.476585870117953e-18,0.0,0.0,1,0.0,0.0,0.0,0.0,0.0,0.0,0.0,0.0,0.0,32.0,-1.0690449665068404,0.0,3
176,176,1.0,3.0,3.5876371783852106,6.9054585958810595,0.0014290609935128603,2.194259472702174e-17,-5.425944838806606e-17,0.0003621701233792887,2,0.0,0.0,5.0,8.0,4.0,4.0,3.0,3.0,3.0,25.0,1.2499999984374999,0.375,23
177,177,1.0,3.0,1.5096436875539396,5.039727318470735,0.002598641441577805,-8.926405941217576e-19,-1.2203423475602001e-17,8.048224963984194e-05,2,0.0,0.0,4.0,4.0,5.0,3.0,2.0,2.0,0.0,29.0,-1.0198251262146982,0.75,11
178,178,4.0,1.0,7.2071739881329355,2.0084930093082543,0.00234488099988979,-6.034213063807016e-17,-3.470192664937862e-18,2.0120562409960485e-05,2,0.0,0.0,1.0,1.0,1.0,0.0,0.0,0.0,0.0,22.0,2.3452078771617146,0.31999999999999984,30
179,179,1.0,0.0,1.497189552054024,0.0,0.0017876092166495086,-4.408654289320791e-19,0.0,0.0,1,0.0,0.0,0.0,0.0,0.0,0.0,0.0,0.0,0.0,33.0,-1.0171668380329117,0.0,22
180,180,1.0,1.0,1.5131127975390914,2.093321645067394,0.0018632780052624904,1.4564670254656208e-19,1.3213986010390377e-19,0.0002535190863655021,2,0.0,0.0,3.0,6.0,5.0,5.0,3.0,0.0,0.0,16.0,-0.9438798064303572,0.5,19
181,181,1.0,1.0,3.0044355105582974,2.377457919640086,0.0034679190382727464,7.03198665389433e-20,-1.0021379401577501e-18,0.00020925384906358903,2,0.0,0.0,1.0,1.0,3.0,0.0,0.0,0.0,0.0,10.0,0.0,0.0,17
182,182,2.0,0.0,3.1934719237704465,0.0,0.0015383757994356724,-8.403673069756506e-18,0.0,0.0,2,0.0,0.0,0.0,0.0,0.0,0.0,0.0,0.0,0.0,29.0,-1.148120993255917,0.5,5
183,183,1.0,0.0,2.0081766606697204,0.0,0.0014054230531491013,5.554962314624271e-18,0.0,0.0,1,0.0,0.0,0.0,0.0,0.0,0.0,0.0,0.0,0.0,22.0,-1.105541595562911,0.0,24
184,184,0.0,1.0,0.0,1.4065717920821421,0.0007724660304828264,0.0,6.112981142977075e-19,0.0,1,0.0,0.0,2.0,2.0,5.0,2.0,0.0,0.0,0.0,27.0,-1.0214814318592387,0.0,10
185,185,1.0,0.0,1.4914626471738148,0.0,0.001504763942218611,-3.031686053574995e-18,0.0,0.0,1,0.0,0.0,0.0,0.0,0.0,0.0,0.0,0.0,0.0,20.0,-0.9999999989999999,0.0,4
186,186,1.0,2.0,2.5139491202760635,4.2528675808004905,0.0024770052562053183,-8.445021583190457e-19,-4.027130806820317e-18,0.025351908636550208,2,0.0,0.0,4.0,9.0,5.0,4.0,4.0,4.0,0.0,33.0,-0.058123819316166336,0.4444444444444444,22
187,187,0.0,2.0,0.0,3.512776032160734,0.0007724660304828264,0.0,-5.92400065859404e-18,0.0,2,0.0,0.0,4.0,5.0,5.0,2.0,2.0,2.0,0.0,24.0,0.11867816565037116,0.0,7
188,188,1.0,3.0,1.469796947179456,5.50340743778645,0.0009232541477407848,4.8645372739480026e-18,-2.830480837860359e-18,0.0005513034100329173,2,0.0,0.0,8.0,16.0,4.0,4.0,4.0,4.0,4.0,29.0,-1.0198251262146982,0.75,11
189,189,0.0,0.0,0.0,0.0,0.0007724660304828264,0.0,0.0,0.0,0,0.0,0.0,0.0,0.0,0.0,0.0,0.0,0.0,0.0,1.0,0.0,0.0,41
190,190,2.0,0.0,5.808022698117998,0.0,0.007913335723539184,-1.526140438519056e-17,0.0,0.0,2,0.0,0.0,0.0,0.0,0.0,0.0,0.0,0.0,0.0,27.0,-0.07044699530063706,0.0,10
191,191,1.0,0.0,1.6076177970887147,0.0,0.0010592901241147853,-5.916534635655109e-19,0.0,0.0,1,0.0,0.0,0.0,0.0,0.0,0.0,0.0,0.0,0.0,32.0,-1.0690449665068404,0.0,3
192,192,0.0,1.0,0.0,1.5858130831945687,0.0007724660304828264,0.0,1.5957209352362117e-18,0.0,1,0.0,0.0,1.0,1.0,2.0,0.0,0.0,0.0,0.0,23.0,-1.1989578793906799,0.0,1
193,193,0.0,2.0,0.0,4.399071350646896,0.0007724660304828264,0.0,-2.0146685634987626e-17,0.0,2,0.0,0.0,4.0,5.0,5.0,3.0,2.0,1.0,0.0,20.0,-1.118033987499895,0.5,2
194,194,0.0,1.0,0.0,1.627035122218183,0.0007724660304828264,0.0,1.0302866665354805e-18,0.0,1,0.0,0.0,3.0,6.0,5.0,5.0,3.0,0.0,0.0,22.0,-1.105541595562911,0.0,24
195,195,1.0,1.0,2.3976507071924567,4.326007479597454,0.0011534917427776542,4.51506403590624e-18,-4.8787050007030576e-17,0.0008088466088804115,2,0.0,0.0,3.0,6.0,4.0,3.0,2.0,0.0,0.0,29.0,0.0,0.0,5
196,196,0.0,1.0,0.0,2.094766996998681,0.0007724660304828264,0.0,-2.4326228294680643e-18,0.0,1,0.0,0.0,2.0,3.0,4.0,2.0,0.0,0.0,0.0,27.0,-1.0214814318592387,0.0,10
197,197,2.0,1.0,4.021262029994473,1.8024506553068245,0.0022918360564105292,3.2891576653876198e-18,6.648556321514662e-19,0.0018631640791623408,2,0.0,0.0,2.0,4.0,4.0,3.0,0.0,0.0,0.0,22.0,0.0,0.4444444444444444,24
198,198,1.0,0.0,1.793646823523538,0.0,0.0009924091707144696,2.6714644083184404e-18,0.0,0.0,1,0.0,0.0,0.0,0.0,0.0,0.0,0.0,0.0,0.0,29.0,-1.0198251262146982,0.0,11
199,199,1.0,2.0,1.4242557571520302,2.858757547204152,0.0008919363169026985,-5.975579721681725e-17,-4.427376884440712e-19,2.414467489195258e-05,2,0.0,0.0,5.0,8.0,4.0,4.0,4.0,3.0,1.0,20.0,0.0,0.4444444444444444,4
200,200,1.0,1.0,2.5447274386532723,2.372212381063142,0.0011758343856750337,1.2736550821140824e-17,1.9920699442491398e-17,4.024112481992097e-06,2,0.0,0.0,1.0,1.0,2.0,0.0,0.0,0.0,0.0,23.0,0.0,0.0,1
201,201,2.0,0.0,6.078860445977551,0.0,0.002606439983523418,-2.7629274185865823e-18,0.0,0.0,2,0.0,0.0,0.0,0.0,0.0,0.0,0.0,0.0,0.0,32.0,-1.0690449665068404,0.5,3
202,202,0.0,0.0,0.0,0.0,0.0007724660304828264,0.0,0.0,0.0,0,0.0,0.0,0.0,0.0,0.0,0.0,0.0,0.0,0.0,1.0,0.0,0.0,42
203,203,2.0,1.0,5.0909832584667285,1.640252159242314,0.004042777139986362,-9.965986385245395e-18,-8.393203946114112e-19,0.0006760508969746723,1,0.0,0.0,1.0,1.0,1.0,0.0,0.0,0.0,0.0,33.0,0.9009191994005791,0.0,22
204,204,0.0,1.0,0.0,1.6984470575792603,0.0007724660304828264,0.0,-9.087646074578775e-19,0.0,1,0.0,0.0,2.0,2.0,2.0,1.0,0.0,0.0,0.0,3.0,-0.7071067796865473,0.0,43
205,205,3.0,0.0,6.336289922153403,0.0,0.002019613282751348,-3.1811955011191205e-17,0.0,0.0,2,0.0,0.0,0.0,0.0,0.0,0.0,0.0,0.0,0.0,24.0,1.5428161534548264,0.0,7
206,206,1.0,2.0,2.032764064696707,3.5231004745210917,0.001151799973833387,-1.963058762118567e-18,-8.91614188763795e-19,3.621701233792887e-05,2,0.0,0.0,6.0,7.0,4.0,4.0,3.0,2.0,2.0,32.0,1.0690449665068404,0.0,3
207,207,0.0,1.0,0.0,1.3935653329791386,0.0007724660304828264,0.0,-4.69066721854342e-19,0.0,1,0.0,0.0,2.0,3.0,2.0,2.0,0.0,0.0,0.0,33.0,-1.0171668380329117,0.0,22
208,208,0.0,1.0,0.0,4.582526804113213,0.0007724660304828264,0.0,7.88829796801967e-17,0.0,1,0.0,0.0,1.0,1.0,1.0,0.0,0.0,0.0,0.0,2.0,0.0,0.0,44
209,209,1.0,0.0,1.4967850699814562,0.0,0.0014290609935128603,1.4654135664700376e-18,0.0,0.0,1,0.0,0.0,0.0,0.0,0.0,0.0,0.0,0.0,0.0,2.0,0.0,0.0,15
210,210,2.0,1.0,3.5392038688886,1.4847754465662193,0.0039548167394061265,-2.5770466482384914e-18,4.164532319896805e-18,0.0060200722730601765,2,0.0,0.0,3.0,6.0,5.0,4.0,3.0,0.0,0.0,29.0,-0.9892497508070557,0.6666666666666667,0
211,211,0.0,2.0,0.0,4.69323560962575,0.0007724660304828264,0.0,-3.709921316282935e-17,0.0,2,0.0,0.0,3.0,5.0,4.0,4.0,2.0,0.0,0.0,25.0,0.0,0.0,23
212,212,0.0,0.0,0.0,0.0,0.0007724660304828264,0.0,0.0,0.0,0,0.0,0.0,0.0,0.0,0.0,0.0,0.0,0.0,0.0,1.0,0.0,0.0,45
213,213,1.0,0.0,3.159013641142372,0.0,0.001526335044544044,-4.492168083257815e-17,0.0,0.0,1,0.0,0.0,0.0,0.0,0.0,0.0,0.0,0.0,0.0,29.0,-1.148120993255917,0.0,5
214,214,1.0,1.0,1.6065207247471711,1.7042140755655228,0.0036218064422591954,-2.1889921582443156e-18,-4.933177515086857e-18,0.007026100393558201,2,0.0,0.0,2.0,3.0,4.0,3.0,0.0,0.0,0.0,24.0,-1.305459822154084,0.5,7
215,215,1.0,1.0,2.0292725394318483,1.6029423550856758,0.0010213024061031376,2.2026813613877243e-18,-1.368686433417046e-19,0.00010865103701378661,2,0.0,0.0,4.0,5.0,6.0,4.0,3.0,2.0,0.0,29.0,-0.06579516943320646,0.0,11
216,216,1.0,0.0,1.8570198635311914,0.0,0.0014459810706588432,-1.5328348957955622e-17,0.0,0.0,1,0.0,0.0,0.0,0.0,0.0,0.0,0.0,0.0,0.0,17.0,-0.9162708317207967,0.0,14
217,217,1.0,2.0,1.757094105386737,3.6863935593065102,0.0014290609935128603,-7.097710520732449e-18,-3.147830634005032e-18,0.0003581460108972966,2,0.0,0.0,4.0,6.0,3.0,3.0,3.0,2.0,0.0,22.0,1.1726039385808573,0.0,30
218,218,2.0,2.0,3.8578044006926167,4.226650072706688,0.005756276677701984,2.794387026403192e-18,-2.370350829366825e-17,0.014438515585387644,2,0.0,0.0,3.0,5.0,3.0,3.0,2.0,0.0,0.0,23.0,1.1989578793906799,0.375,1
219,219,2.0,2.0,5.321683270980948,4.037021594803677,0.0024896690267286804,-1.4711159167292422e-17,-1.0242520440411752e-18,0.0011468720573677474,2,0.0,0.0,3.0,5.0,5.0,2.0,2.0,0.0,0.0,27.0,1.8316218778165663,0.0,10
220,220,0.0,1.0,0.0,1.6384410705947428,0.0007724660304828264,0.0,4.225341960054714e-19,0.0,1,0.0,0.0,2.0,2.0,3.0,2.0,0.0,0.0,0.0,16.0,-0.9438798064303572,0.0,19
221,221,0.0,2.0,0.0,4.030643883128606,0.0007724660304828264,0.0,-2.329764695421288e-18,0.0,2,0.0,0.0,6.0,9.0,4.0,3.0,3.0,3.0,2.0,20.0,-0.9999999989999999,0.5,4
222,222,1.0,0.0,4.582526804113213,0.0,0.0014290609935128603,1.1872733598475372e-16,0.0,0.0,1,0.0,0.0,0.0,0.0,0.0,0.0,0.0,0.0,0.0,2.0,0.0,0.0,44
223,223,1.0,1.0,2.169570672125719,1.833581336307601,0.0011209675435210138,1.6341001418019324e-18,8.638029231058493e-18,2.414467489195258e-05,2,0.0,0.0,2.0,2.0,3.0,2.0,0.0,0.0,0.0,20.0,0.0,0.0,2
224,224,2.0,1.0,4.163841710641627,2.07269827245328,0.0020310297670227233,-1.1349905817903365e-17,-1.7697916566201932e-19,0.013082389678956306,2,0.0,0.0,4.0,5.0,6.0,4.0,3.0,2.0,0.0,29.0,0.8882347873482853,0.0,11
225,225,1.0,0.0,1.793912303058952,0.0,0.001512621000299513,-1.6100981820548954e-17,0.0,0.0,1,0.0,0.0,0.0,0.0,0.0,0.0,0.0,0.0,0.0,29.0,-1.0198251262146982,0.0,11
226,226,0.0,1.0,0.0,1.5787134287850704,0.0007724660304828264,0.0,-1.877953900965418e-18,0.0,1,0.0,0.0,2.0,3.0,3.0,3.0,0.0,0.0,0.0,32.0,-1.0690449665068404,0.0,3
227,227,2.0,3.0,5.2215395525013735,5.674128590004592,0.010380404293090152,6.95821299438534e-18,1.0419923716081487e-18,0.016172908065126237,2,0.0,0.0,5.0,7.0,3.0,3.0,2.0,2.0,1.0,33.0,2.81900523683407,0.0,22
228,228,1.0,1.0,1.7941363277683573,2.328533884279054,0.0009537683091603799,-3.9453477245498784e-18,3.0706358305012235e-18,0.00030583254863139934,2,0.0,0.0,3.0,4.0,3.0,3.0,2.0,0.0,0.0,25.0,0.08980265091258109,0.0,12
229,229,1.0,1.0,2.3576618335135286,2.4681537857362104,0.003024178022176745,-6.7951450815182426e-18,-2.9228727985557184e-17,9.255458708581823e-05,2,0.0,0.0,3.0,5.0,4.0,2.0,2.0,0.0,0.0,10.0,0.0,0.0,17
230,230,1.0,1.0,2.7230792922904605,1.8629211901563996,0.0011789063913527134,-1.388966671687542e-17,5.7760342522401876e-18,2.414467489195258e-05,2,0.0,0.0,2.0,5.0,4.0,3.0,0.0,0.0,0.0,20.0,0.0,0.0,2
231,231,0.0,2.0,0.0,6.1960158807085985,0.0007724660304828264,0.0,1.725653569870371e-17,0.0,1,0.0,0.0,4.0,6.0,4.0,2.0,2.0,1.0,0.0,20.0,0.0,0.0,4
232,232,0.0,0.0,0.0,0.0,0.0007724660304828264,0.0,0.0,0.0,0,0.0,0.0,0.0,0.0,0.0,0.0,0.0,0.0,0.0,1.0,0.0,0.0,46
233,233,1.0,1.0,2.825971440996857,1.5939911272908884,0.000997364870881198,-6.075764876722366e-17,1.2856019362620468e-19,2.8168787373944675e-05,2,0.0,0.0,2.0,4.0,3.0,3.0,0.0,0.0,0.0,25.0,0.0,0.0,23
234,234,1.0,1.0,2.371982149272795,1.4802691439887785,0.0010121611762695195,-5.198067221498293e-18,-9.044399037474785e-20,1.207233744597629e-05,2,0.0,0.0,3.0,3.0,3.0,2.0,1.0,0.0,0.0,25.0,0.08980265091258109,0.0,12
235,235,1.0,0.0,2.1733044479548944,0.0,0.0014290609935128603,1.2081160137823073e-17,0.0,0.0,1,0.0,0.0,0.0,0.0,0.0,0.0,0.0,0.0,0.0,2.0,0.0,0.0,47
236,236,2.0,1.0,3.378222767903331,2.832973329471918,0.0037670279978505067,1.4692854493626521e-19,-2.224188617392619e-16,0.00018510917417163646,2,0.0,0.0,2.0,2.0,3.0,1.0,0.0,0.0,0.0,29.0,-0.06382256456819727,0.4444444444444444,0
237,237,1.0,1.0,2.3890716400208314,2.5480081089611586,0.0010849298869090947,-5.5791288931765595e-18,1.4226812350309139e-18,8.048224963984193e-06,2,0.0,0.0,1.0,1.0,2.0,0.0,0.0,0.0,0.0,32.0,0.0,0.0,3
238,238,0.0,1.0,0.0,2.150299945583907,0.0007724660304828264,0.0,-2.6404705269421233e-18,0.0,1,0.0,0.0,3.0,5.0,5.0,4.0,4.0,0.0,0.0,13.0,-0.9013878180534972,0.0,28
239,239,2.0,0.0,3.09114525938337,0.0,0.002813409038447843,-1.251698318024923e-19,0.0,0.0,2,0.0,0.0,0.0,0.0,0.0,0.0,0.0,0.0,0.0,24.0,-1.305459822154084,0.5,7
240,240,2.0,1.0,3.990153320103828,1.52161401071956,0.0012164410837014789,-4.779372148455406e-18,-1.6053752837038825e-20,8.048224963984193e-06,2,0.0,0.0,1.0,1.0,1.0,0.0,0.0,0.0,0.0,27.0,0.8805874412579646,0.0,10
241,241,2.0,1.0,3.0727615507560584,2.301749439339097,0.0015791022589209136,-8.204536550941176e-18,-2.05095963849338e-18,1.6096449927968387e-05,2,0.0,0.0,2.0,2.0,3.0,1.0,0.0,0.0,0.0,32.0,0.0,0.4444444444444444,3
242,242,1.0,2.0,2.925719896057652,4.313783070817257,0.0019795964557918436,-2.3447087998194607e-17,-4.05395606260197e-18,0.017710119033247217,2,0.0,0.0,5.0,11.0,6.0,5.0,5.0,3.0,3.0,29.0,-0.06579516943320646,0.4444444444444444,11
243,243,2.0,2.0,3.364354975074775,4.685945315014152,0.0013060769402398137,-3.968126629340043e-17,-1.7593972862483924e-17,0.0007243402467585774,2,0.0,0.0,3.0,4.0,4.0,3.0,2.0,0.0,0.0,24.0,0.11867816565037116,0.625,7
244,244,1.0,1.0,1.9452397633503518,3.0816199061297427,0.0011236550344469233,2.9334133261568566e-18,6.855963646806468e-18,4.024112481992097e-06,1,0.0,0.0,1.0,1.0,1.0,0.0,0.0,0.0,0.0,17.0,0.12216944422943958,0.0,14
245,245,0.0,1.0,0.0,1.8238642350557641,0.0007724660304828264,0.0,-2.1585962456335483e-18,0.0,1,0.0,0.0,3.0,6.0,4.0,3.0,3.0,0.0,0.0,22.0,-1.105541595562911,0.0,24
246,246,0.0,1.0,0.0,2.3038306046118633,0.0007724660304828264,0.0,7.788943325109821e-19,0.0,1,0.0,0.0,2.0,4.0,3.0,2.0,0.0,0.0,0.0,22.0,-1.105541595562911,0.0,24
247,247,1.0,2.0,3.87016377502056,3.6333181923746025,0.0038756932484641355,-1.5020845357690825e-17,-1.1372642693910339e-18,0.01331981231539384,2,0.0,0.0,4.0,6.0,5.0,4.0,2.0,2.0,0.0,23.0,-1.1989578793906799,0.6666666666666667,1
248,248,1.0,1.0,2.322592229700971,1.8484928473315523,0.0011580990539429082,-9.376894239639937e-18,-1.7182837787098806e-18,0.00028973609870343097,2,0.0,0.0,2.0,4.0,4.0,3.0,0.0,0.0,0.0,29.0,-0.06579516943320646,0.0,11
249,249,1.0,1.0,1.4615662837693801,1.7231546645885545,0.0010862014909511432,4.4914548655883076e-18,-1.5778818058913994e-18,1.6096449927968387e-05,2,0.0,0.0,2.0,2.0,3.0,1.0,0.0,0.0,0.0,20.0,0.0,0.0,2
250,250,0.0,0.0,0.0,0.0,0.0007724660304828264,0.0,0.0,0.0,0,0.0,0.0,0.0,0.0,0.0,0.0,0.0,0.0,0.0,1.0,0.0,0.0,48
251,251,1.0,1.0,1.4591602915966368,2.115412069114903,0.003804462787609969,-4.047798176965389e-18,-8.916812684737578e-19,0.00040241124819920965,2,0.0,0.0,1.0,1.0,3.0,0.0,0.0,0.0,0.0,10.0,-1.5811388275841898,0.5,17
252,252,1.0,1.0,2.1609729807094658,1.6131462879150569,0.0019584059467152165,-5.474270552828829e-19,9.814367096034386e-18,0.00013681982438773128,2,0.0,0.0,1.0,1.0,2.0,0.0,0.0,0.0,0.0,29.0,0.0,0.0,5
253,253,1.0,1.0,3.091785457646228,3.676457482395473,0.0011001041123316188,1.9226058021320764e-17,-7.016220468656008e-19,0.0005754480849248699,1,0.0,0.0,3.0,5.0,4.0,4.0,1.0,0.0,0.0,20.0,0.0,0.0,4
254,254,0.0,0.0,0.0,0.0,0.0007724660304828264,0.0,0.0,0.0,0,0.0,0.0,0.0,0.0,0.0,0.0,0.0,0.0,0.0,1.0,0.0,0.0,49
255,255,1.0,0.0,1.883424899661679,0.0,0.0015473837558692242,-4.397652153463192e-18,0.0,0.0,1,0.0,0.0,0.0,0.0,0.0,0.0,0.0,0.0,0.0,32.0,-1.0690449665068404,0.0,3
256,256,0.0,0.0,0.0,0.0,0.0007724660304828264,0.0,0.0,0.0,0,0.0,0.0,0.0,0.0,0.0,0.0,0.0,0.0,0.0,1.0,0.0,0.0,50
257,257,1.0,1.0,1.801530899892473,1.6187926650109963,0.0017168341029927172,2.091598492831754e-18,-4.183221893441807e-18,0.00142051170614321,2,0.0,0.0,3.0,5.0,5.0,4.0,2.0,0.0,0.0,27.0,-1.0214814318592387,0.5,10
258,258,0.0,1.0,0.0,2.2124766342687736,0.0007724660304828264,0.0,4.3010798746766643e-17,0.0,1,0.0,0.0,2.0,2.0,5.0,2.0,0.0,0.0,0.0,13.0,-0.9013878180534972,0.0,28
259,259,2.0,1.0,3.6012162454541996,1.581093682982812,0.0013957447281811443,-1.823162562504541e-17,-6.487980224767741e-19,4.024112481992097e-05,2,0.0,0.0,2.0,2.0,4.0,2.0,0.0,0.0,0.0,25.0,1.2123357873198437,0.0,12
260,260,0.0,2.0,0.0,3.9545429629218756,0.0007724660304828264,0.0,-5.843128365575775e-18,0.0,2,0.0,0.0,4.0,7.0,6.0,4.0,3.0,2.0,0.0,29.0,-0.06579516943320646,0.0,11
261,261,0.0,2.0,0.0,3.582808393767953,0.0007724660304828264,0.0,-5.661091054648457e-18,0.0,2,0.0,0.0,2.0,2.0,3.0,2.0,0.0,0.0,0.0,24.0,0.11867816565037116,0.0,7
262,262,1.0,0.0,2.6931382958969805,0.0,0.0014064366017282328,8.535668830339759e-18,0.0,0.0,1,0.0,0.0,0.0,0.0,0.0,0.0,0.0,0.0,0.0,25.0,-1.0327304854946815,0.0,12
263,263,0.0,1.0,0.0,2.158656804636151,0.0007724660304828264,0.0,-2.43154677649266e-18,0.0,1,0.0,0.0,2.0,4.0,4.0,4.0,0.0,0.0,0.0,29.0,-1.0198251262146982,0.0,11
264,264,0.0,0.0,0.0,0.0,0.0007724660304828264,0.0,0.0,0.0,0,0.0,0.0,0.0,0.0,0.0,0.0,0.0,0.0,0.0,1.0,0.0,0.0,51
265,265,1.0,2.0,1.619618329866368,4.181507337524887,0.0018523603298319343,-1.3994923954744553e-18,-3.10091635847868e-17,0.006221277897159781,2,0.0,0.0,3.0,5.0,4.0,3.0,2.0,0.0,0.0,22.0,0.0,0.4444444444444444,30
266,266,0.0,2.0,0.0,3.5185426174078307,0.0007724660304828264,0.0,-2.345705734469147e-18,0.0,2,0.0,0.0,5.0,9.0,4.0,3.0,3.0,3.0,2.0,32.0,-1.0690449665068404,0.5,3
267,267,0.0,0.0,0.0,0.0,0.0007724660304828264,0.0,0.0,0.0,0,0.0,0.0,0.0,0.0,0.0,0.0,0.0,0.0,0.0,1.0,0.0,0.0,52
268,268,0.0,1.0,0.0,1.6017988058178239,0.0007724660304828264,0.0,-1.6619077937414924e-18,0.0,1,0.0,0.0,5.0,8.0,7.0,3.0,2.0,1.0,1.0,29.0,-0.9892497508070557,0.0,0
269,269,0.0,1.0,0.0,1.9939425447346448,0.0007724660304828264,0.0,-1.498437072144993e-18,0.0,1,0.0,0.0,1.0,1.0,1.0,0.0,0.0,0.0,0.0,2.0,0.0,0.0,53
270,270,3.0,2.0,4.946302232919855,3.9835173882518937,0.0027444778180162038,4.367506716175068e-18,1.0695061203562222e-18,0.001790730054486483,2,0.0,0.0,5.0,9.0,5.0,5.0,3.0,3.0,3.0,22.0,2.211083191125822,0.31999999999999984,24
271,271,0.0,0.0,0.0,0.0,0.0007724660304828264,0.0,0.0,0.0,0,0.0,0.0,0.0,0.0,0.0,0.0,0.0,0.0,0.0,1.0,0.0,0.0,54
272,272,2.0,1.0,3.854068276430472,1.4859277008047582,0.0025711650547472703,-1.2715649241827415e-17,-2.888039336145957e-19,0.0012756436567914946,2,0.0,0.0,2.0,3.0,4.0,2.0,0.0,0.0,0.0,33.0,-0.058123819316166336,0.4444444444444444,22
273,273,1.0,0.0,3.7342815228714485,0.0,0.001648326586187637,-2.5936212597306116e-16,0.0,0.0,1,0.0,0.0,0.0,0.0,0.0,0.0,0.0,0.0,0.0,20.0,-0.9999999989999999,0.0,4
274,274,1.0,0.0,1.5788395132550592,0.0,0.0014290609935128603,1.6559877662976661e-18,0.0,0.0,1,0.0,0.0,0.0,0.0,0.0,0.0,0.0,0.0,0.0,2.0,0.0,0.0,55
275,275,0.0,3.0,0.0,6.944460454588642,0.0007724660304828264,0.0,-1.2683250485761709e-17,0.0,2,0.0,0.0,7.0,11.0,5.0,5.0,4.0,3.0,3.0,22.0,-1.1726039385808573,0.6666666666666667,30
276,276,3.0,2.0,5.881617219837898,5.377375189023008,0.004226285827818519,4.353818382016847e-19,-1.987900276421143e-16,0.004168980531343812,2,0.0,0.0,5.0,7.0,5.0,3.0,3.0,3.0,1.0,16.0,1.213559751124745,0.5599999999999999,19
277,277,0.0,0.0,0.0,0.0,0.0007724660304828264,0.0,0.0,0.0,0,0.0,0.0,0.0,0.0,0.0,0.0,0.0,0.0,0.0,1.0,0.0,0.0,56
278,278,1.0,1.0,3.1042304230623703,1.4226554492878265,0.001101422911664068,1.9192784221977136e-17,-3.364255913028362e-20,4.024112481992097e-06,1,0.0,0.0,1.0,1.0,1.0,0.0,0.0,0.0,0.0,20.0,0.0,0.0,4
279,279,1.0,0.0,1.7001289412778897,0.0,0.0014290609935128603,1.8032947256586554e-18,0.0,0.0,1,0.0,0.0,0.0,0.0,0.0,0.0,0.0,0.0,0.0,2.0,0.0,0.0,57
280,280,0.0,1.0,0.0,1.9458053104446453,0.0007724660304828264,0.0,-2.71965016340016e-18,0.0,1,0.0,0.0,2.0,3.0,3.0,2.0,0.0,0.0,0.0,25.0,-1.2499999984374999,0.0,23
281,281,0.0,2.0,0.0,4.523843641930639,0.0007724660304828264,0.0,-5.314786096136435e-18,0.0,2,0.0,0.0,5.0,9.0,5.0,5.0,3.0,3.0,1.0,20.0,0.0,0.0,4
282,282,0.0,2.0,0.0,3.71236084351869,0.0007724660304828264,0.0,1.8520484264331693e-18,0.0,2,0.0,0.0,5.0,10.0,4.0,3.0,3.0,3.0,3.0,22.0,0.0,0.0,24
283,283,2.0,1.0,5.505451111242866,2.277873571364681,0.0027521543419726535,4.024430625508115e-18,3.490153623557941e-19,0.00191950165391023,2,0.0,0.0,2.0,4.0,5.0,2.0,0.0,0.0,0.0,29.0,0.8882347873482853,0.0,11
284,284,0.0,0.0,0.0,0.0,0.0007724660304828264,0.0,0.0,0.0,0,0.0,0.0,0.0,0.0,0.0,0.0,0.0,0.0,0.0,1.0,0.0,0.0,58
285,285,2.0,0.0,3.2364185015268943,0.0,0.0026957866184570294,1.3753337244648976e-18,0.0,0.0,2,0.0,0.0,0.0,0.0,0.0,0.0,0.0,0.0,0.0,20.0,-1.118033987499895,0.5,2
286,286,1.0,3.0,3.3289285509136306,6.485696827550532,0.0010872144163523855,8.779111524179802e-19,-8.632644671839977e-17,0.00031790488607737563,2,0.0,0.0,6.0,9.0,5.0,5.0,4.0,3.0,3.0,22.0,1.1726039385808573,0.375,30
287,287,3.0,0.0,5.85669949945129,0.0,0.005171517165844693,-1.791022172354403e-17,0.0,0.0,2,0.0,0.0,0.0,0.0,0.0,0.0,0.0,0.0,0.0,29.0,0.8882347873482853,0.0,11
288,288,2.0,1.0,5.4249257754941915,2.384339428830434,0.005583594209538712,1.7566148083423288e-17,-1.5965062119983688e-18,0.006667954382660904,2,0.0,0.0,3.0,5.0,5.0,2.0,2.0,0.0,0.0,32.0,0.0,0.4444444444444444,3
289,289,1.0,0.0,2.9305052177302087,0.0,0.0011522430908428413,4.183626211843991e-17,0.0,0.0,1,0.0,0.0,0.0,0.0,0.0,0.0,0.0,0.0,0.0,29.0,-1.0198251262146982,0.0,11
290,290,0.0,1.0,0.0,3.521084455560584,0.0007724660304828264,0.0,2.054510935718301e-18,0.0,1,0.0,0.0,2.0,3.0,3.0,2.0,0.0,0.0,0.0,29.0,-1.0198251262146982,0.0,11
291,291,1.0,1.0,2.2286316918086335,1.4267218207600125,0.002711347371801796,4.477547617921049e-18,-2.9420763318696784e-20,4.828934978390516e-05,2,0.0,0.0,2.0,3.0,2.0,2.0,0.0,0.0,0.0,16.0,0.1348399723471939,0.0,19
292,292,2.0,1.0,3.5990690670943426,1.3989596492520997,0.0016865609601522114,-6.199816503273083e-17,7.08549440359355e-20,0.005372190163459449,2,0.0,0.0,3.0,5.0,4.0,3.0,1.0,0.0,0.0,22.0,0.0,0.4444444444444444,30
293,293,2.0,2.0,3.2659951427931073,3.7484791075577197,0.002721947793293437,3.493312205273391e-19,-3.839334820685638e-19,0.00541243128827937,2,0.0,0.0,4.0,6.0,4.0,3.0,2.0,1.0,0.0,22.0,1.105541595562911,0.375,24
294,294,0.0,2.0,0.0,3.9073055910864065,0.0007724660304828264,0.0,3.697617356163854e-18,0.0,2,0.0,0.0,6.0,12.0,6.0,6.0,4.0,2.0,2.0,17.0,-0.9162708317207967,0.5,14
295,295,1.0,0.0,1.8751928626905683,0.0,0.0010011960761173201,-1.414755808345902e-17,0.0,0.0,1,0.0,0.0,0.0,0.0,0.0,0.0,0.0,0.0,0.0,25.0,-1.2499999984374999,0.0,23
296,296,1.0,0.0,2.546396492287331,0.0,0.0011360750576753236,7.647254252317067e-18,0.0,0.0,1,0.0,0.0,0.0,0.0,0.0,0.0,0.0,0.0,0.0,8.0,-0.9045340326423819,0.0,16
297,297,1.0,3.0,2.509740825966383,7.2664241147910165,0.0011430566121468377,-8.197897162019669e-18,-5.0974377314648736e-17,0.0009617628831961111,2,0.0,0.0,6.0,10.0,6.0,5.0,3.0,2.0,2.0,29.0,2.296241986511834,0.0,5
298,298,3.0,2.0,4.993707150945541,3.184605614325363,0.0038038075370562417,-1.7823463617276807e-17,6.2318366898129825e-18,0.0045029818673491566,2,0.0,0.0,4.0,8.0,4.0,4.0,3.0,2.0,0.0,29.0,0.8616046216706612,0.5599999999999999,0
299,299,1.0,1.0,1.641301502427177,1.5068491624785474,0.0014290609935128603,-1.307399898415996e-19,1.4714382743996304e-19,4.024112481992097e-06,1,0.0,0.0,1.0,1.0,1.0,0.0,0.0,0.0,0.0,3.0,1.4142135593730951,0.0,29
300,300,0.0,0.0,0.0,0.0,0.0007724660304828264,0.0,0.0,0.0,0,0.0,0.0,0.0,0.0,0.0,0.0,0.0,0.0,0.0,1.0,0.0,0.0,59
301,301,1.0,2.0,1.4167511943207802,5.149137405557184,0.0011639486578401143,-1.4271950013778896e-18,0.121133293383818,0.0005794721974068619,2,0.0,0.0,7.0,13.0,6.0,5.0,4.0,4.0,3.0,22.0,0.0,0.4444444444444444,30
302,302,0.0,2.0,0.0,4.446791639176614,0.0007724660304828264,0.0,-8.35345694485477e-18,0.0,2,0.0,0.0,2.0,2.0,2.0,2.0,0.0,0.0,0.0,24.0,0.11867816565037116,0.0,7
303,303,4.0,1.0,8.574793305209882,2.4319488781434653,0.008135990243073045,1.3408223638810183e-16,-7.716153480506114e-18,8.853047460382612e-05,2,0.0,0.0,1.0,1.0,2.0,0.0,0.0,0.0,0.0,13.0,0.9013878180534972,0.5599999999999999,28
304,304,1.0,0.0,3.0943650459898744,0.0,0.0035943919136763747,1.9734997953057417e-17,0.0,0.0,1,0.0,0.0,0.0,0.0,0.0,0.0,0.0,0.0,0.0,22.0,-1.105541595562911,0.0,24
305,305,3.0,0.0,4.741833622578732,0.0,0.0016962401822451585,-1.3191588315000256e-17,0.0,0.0,2,0.0,0.0,0.0,0.0,0.0,0.0,0.0,0.0,0.0,24.0,-1.305459822154084,0.6666666666666667,7
306,306,0.0,1.0,0.0,1.5466021657892173,0.0007724660304828264,0.0,1.0026749500239911e-19,0.0,1,0.0,0.0,2.0,3.0,3.0,2.0,0.0,0.0,0.0,10.0,-1.5811388275841898,0.0,17
307,307,0.0,0.0,0.0,0.0,0.0007724660304828264,0.0,0.0,0.0,0,0.0,0.0,0.0,0.0,0.0,0.0,0.0,0.0,0.0,1.0,0.0,0.0,60
308,308,1.0,2.0,1.532337040470306,3.993574326288962,0.0029017192841847,3.93150386674627e-19,-1.8163632874598613e-18,0.0003621701233792887,1,0.0,0.0,2.0,2.0,2.0,1.0,0.0,0.0,0.0,29.0,0.8616046216706612,0.0,0
309,309,2.0,2.0,3.4142621844018417,4.690794582513673,0.00619625694418123,-6.738137357699251e-20,4.011295753922606e-18,0.0026720106880427524,2,0.0,0.0,3.0,4.0,4.0,3.0,1.0,0.0,0.0,32.0,2.138089933013681,0.0,3
310,310,1.0,0.0,1.500243009298305,0.0,0.0014290609935128603,-2.7856645194812063e-19,0.0,0.0,1,0.0,0.0,0.0,0.0,0.0,0.0,0.0,0.0,0.0,2.0,0.0,0.0,34
311,311,1.0,1.0,1.6824447351902234,1.567861201873483,0.005777300002691972,-1.5199028253460126e-18,-1.5317046932330367e-20,0.0033198927976434795,2,0.0,0.0,3.0,4.0,4.0,4.0,1.0,0.0,0.0,32.0,0.0,0.0,3
312,312,2.0,0.0,3.6167999510879274,0.0,0.0020803516600841287,-1.73323384097053e-17,0.0,0.0,2,0.0,0.0,0.0,0.0,0.0,0.0,0.0,0.0,0.0,24.0,0.11867816565037116,0.0,7
313,313,1.0,3.0,3.7487415459789455,4.709212924313492,0.0011892543493037602,3.975421433651492e-17,8.713097475360855e-18,0.00039033891075323336,2,0.0,0.0,7.0,15.0,4.0,4.0,4.0,3.0,3.0,20.0,1.118033987499895,0.375,2
314,314,1.0,0.0,1.5465489970769,0.0,0.00234891450066833,-5.2833491520277454e-18,0.0,0.0,1,0.0,0.0,0.0,0.0,0.0,0.0,0.0,0.0,0.0,20.0,-1.118033987499895,0.0,2
315,315,1.0,2.0,1.824629447437836,4.900143348341209,0.0010696995592494587,-2.769480319894576e-18,8.873572838864139e-18,0.00032192899855936776,2,0.0,0.0,3.0,4.0,3.0,2.0,2.0,0.0,0.0,25.0,0.0,0.4444444444444444,23
316,316,0.0,3.0,0.0,5.587749211554332,0.0007724660304828264,0.0,-2.252727738575964e-18,0.0,2,0.0,0.0,8.0,10.0,6.0,5.0,3.0,3.0,2.0,27.0,-1.0214814318592387,0.6666666666666667,10
317,317,1.0,1.0,2.277873571364681,1.5183284069359266,0.0031117794582049925,1.0567867456377732e-18,-1.016642473054193e-18,0.0013078365566474314,2,0.0,0.0,3.0,5.0,5.0,2.0,2.0,0.0,0.0,29.0,-1.0198251262146982,0.5,11
318,318,0.0,0.0,0.0,0.0,0.0007724660304828264,0.0,0.0,0.0,0,0.0,0.0,0.0,0.0,0.0,0.0,0.0,0.0,0.0,1.0,0.0,0.0,61
319,319,0.0,1.0,0.0,1.512302739097471,0.0007724660304828264,0.0,-1.187320227606688e-16,0.0,1,0.0,0.0,2.0,2.0,3.0,2.0,0.0,0.0,0.0,22.0,-1.1726039385808573,0.0,30
320,320,1.0,1.0,3.815482983916168,3.4708695361618793,0.0014290609935128603,-1.2120729679752185e-17,-5.560994055637571e-18,0.0005070381727310042,1,0.0,0.0,2.0,4.0,3.0,3.0,0.0,0.0,0.0,8.0,0.3015113442141273,0.0,16
321,321,2.0,0.0,4.8002116184943056,0.0,0.0019275005668348832,-1.3333592141441892e-17,0.0,0.0,2,0.0,0.0,0.0,0.0,0.0,0.0,0.0,0.0,0.0,24.0,0.11867816565037116,0.0,7
322,322,2.0,1.0,3.2176868367242344,5.190644672706848,0.0014728049081794534,1.484223576302485e-17,-3.1084495179098175e-17,0.00074848492165053,2,0.0,0.0,2.0,3.0,4.0,2.0,0.0,0.0,0.0,23.0,0.0,0.4444444444444444,1
323,323,1.0,1.0,3.3597373071266636,2.797122018906333,0.0011171452489253026,1.4276164721395083e-17,2.1632792664039985e-18,4.024112481992097e-06,1,0.0,0.0,1.0,1.0,2.0,0.0,0.0,0.0,0.0,17.0,0.12216944422943958,0.0,14
324,324,0.0,0.0,0.0,0.0,0.0007724660304828264,0.0,0.0,0.0,0,0.0,0.0,0.0,0.0,0.0,0.0,0.0,0.0,0.0,1.0,0.0,0.0,62
325,325,0.0,1.0,0.0,2.399999465377558,0.0007724660304828264,0.0,-4.618121410060049e-18,0.0,1,0.0,0.0,1.0,1.0,2.0,0.0,0.0,0.0,0.0,17.0,-0.9162708317207967,0.0,14
326,326,0.0,2.0,0.0,3.8025484051571,0.0007724660304828264,0.0,-1.7475931178853416e-18,0.0,2,0.0,0.0,7.0,11.0,6.0,4.0,3.0,2.0,2.0,20.0,0.0,0.0,2
327,327,2.0,1.0,3.027236547781879,1.5741688872555346,0.0014565619079344814,-9.249777171765158e-18,1.4418638606330086e-18,0.00015694038679769177,1,0.0,0.0,1.0,1.0,1.0,0.0,0.0,0.0,0.0,29.0,1.148120993255917,0.0,5
328,328,2.0,0.0,5.400027861901871,0.0,0.0015623807967613296,6.390235379473461e-17,0.0,0.0,2,0.0,0.0,0.0,0.0,0.0,0.0,0.0,0.0,0.0,29.0,-0.06579516943320646,0.0,11
329,329,2.0,1.0,6.329530396451593,2.759955934488605,0.003177130683570076,-1.2040650766628937e-17,-7.485317823319731e-18,0.0013038124441654394,2,0.0,0.0,2.0,2.0,4.0,2.0,0.0,0.0,0.0,27.0,-0.07044699530063706,0.4444444444444444,10
330,330,2.0,2.0,4.675192043759746,4.20587638188395,0.004925720958866291,1.9345407835314755e-17,-5.900078263272242e-18,0.00971420753152892,2,0.0,0.0,5.0,8.0,5.0,4.0,4.0,3.0,2.0,22.0,0.0,0.625,24
331,331,2.0,3.0,4.654610465769358,4.938420725417473,0.0028576438714278322,-1.6637250552537956e-16,-5.667052846654422e-19,0.0028852886495883334,2,0.0,0.0,5.0,5.0,3.0,3.0,2.0,2.0,1.0,16.0,2.292279529902296,0.31999999999999984,19
332,332,1.0,1.0,1.4833959231744294,2.2286316918086335,0.002281036395156582,-1.4975808920497253e-19,1.4467919549674776e-18,4.828934978390516e-05,2,0.0,0.0,2.0,3.0,2.0,2.0,0.0,0.0,0.0,16.0,-0.9438798064303572,0.5,19
333,333,0.0,3.0,0.0,8.250458786441563,0.0007724660304828264,0.0,-7.785046820728252e-17,0.0,2,0.0,0.0,8.0,16.0,6.0,6.0,5.0,4.0,3.0,25.0,0.0,0.4444444444444444,23
334,334,0.0,2.0,0.0,3.680143235806171,0.0007724660304828264,0.0,-3.808306084759045e-19,0.0,1,0.0,0.0,3.0,4.0,4.0,3.0,1.0,0.0,0.0,32.0,0.0,0.0,3
335,335,2.0,1.0,2.9516781716152307,2.866332579400864,0.0024085277138389993,3.8024568170952146e-19,-4.9662552826084126e-20,0.0012917401067194631,2,0.0,0.0,3.0,5.0,4.0,3.0,2.0,0.0,0.0,33.0,-0.058123819316166336,0.4444444444444444,22
336,336,1.0,0.0,1.52161401071956,0.0,0.0018064403966461871,-7.276868114346323e-20,0.0,0.0,1,0.0,0.0,0.0,0.0,0.0,0.0,0.0,0.0,0.0,27.0,-1.0214814318592387,0.0,10
337,337,2.0,1.0,3.9440723668232645,2.1303584106245204,0.0035668643381372702,-8.203343460569587e-18,-6.7592590504676506e-18,0.00018510917417163646,2,0.0,0.0,1.0,1.0,2.0,0.0,0.0,0.0,0.0,13.0,0.0,0.4444444444444444,28
338,338,0.0,0.0,0.0,0.0,0.0007724660304828264,0.0,0.0,0.0,0,0.0,0.0,0.0,0.0,0.0,0.0,0.0,0.0,0.0,1.0,0.0,0.0,63
339,339,1.0,2.0,2.328533884279054,2.872813888801671,0.0015831681786306496,9.095324143724146e-18,-5.671437109934523e-19,0.0006156892097447908,2,0.0,0.0,3.0,5.0,4.0,3.0,2.0,0.0,0.0,25.0,-1.0327304854946815,0.6666666666666667,12
340,340,1.0,1.0,2.373006556432465,3.9890432758162246,0.0010597611199958607,-1.6636254345180593e-17,-1.9141038937657969e-16,1.6096449927968387e-05,2,0.0,0.0,2.0,3.0,4.0,3.0,0.0,0.0,0.0,29.0,-0.06382256456819727,0.0,0
341,341,2.0,0.0,3.345348389511325,0.0,0.0017666013454427313,1.8549858319301763e-18,0.0,0.0,1,0.0,0.0,0.0,0.0,0.0,0.0,0.0,0.0,0.0,33.0,-0.058123819316166336,0.0,22
342,342,3.0,1.0,5.285587294449803,1.6164173773945887,0.0043706475314954285,4.862538174843805e-17,-5.335925500387197e-20,5.633757474788935e-05,2,0.0,0.16666666666666666,2.0,3.0,4.0,3.0,0.0,0.0,0.0,13.0,1.8027756361069944,0.0,28
343,343,0.0,1.0,0.0,1.421332474332668,0.0007724660304828264,0.0,3.211675014957033e-19,0.0,1,0.0,0.0,3.0,6.0,4.0,3.0,3.0,0.0,0.0,23.0,-1.1989578793906799,0.0,1
344,344,2.0,2.0,3.7636283495515808,4.323706148453898,0.0048230468638952055,-8.6204557402535e-18,-8.533838948209394e-18,0.0013199088940934077,2,0.0,0.0,2.0,2.0,1.0,1.0,0.0,0.0,0.0,25.0,1.2123357873198437,0.375,12
345,345,3.0,0.0,6.0664963914031365,0.0,0.009747580230003536,-2.9072815738098812e-18,0.0,0.0,2,0.0,0.0,0.0,0.0,0.0,0.0,0.0,0.0,0.0,10.0,1.5811388275841898,0.0,17
346,346,2.0,0.0,6.514678323685654,0.0,0.0047720159793532,5.791931872330705e-17,0.0,0.0,2,0.0,0.0,0.0,0.0,0.0,0.0,0.0,0.0,0.0,23.0,0.0,0.0,1
347,347,0.0,0.0,0.0,0.0,0.0007724660304828264,0.0,0.0,0.0,0,0.0,0.0,0.0,0.0,0.0,0.0,0.0,0.0,0.0,1.0,0.0,0.0,64
348,348,0.0,1.0,0.0,1.5788395132550592,0.0007724660304828264,0.0,3.790728503737107e-19,0.0,1,0.0,0.0,1.0,1.0,1.0,0.0,0.0,0.0,0.0,2.0,0.0,0.0,55
349,349,1.0,2.0,1.5889398374326433,3.4271195366765084,0.0011207807107760333,1.9863983885559465e-17,-1.8850031334393302e-17,0.002329961127073424,2,0.0,0.0,4.0,7.0,6.0,5.0,3.0,1.0,0.0,29.0,0.0,0.4444444444444444,5
350,350,3.0,1.0,6.325976891390381,2.5763738826116396,0.010560545244507337,-5.4049588984000465e-18,2.599166952553405e-18,0.015710135129697145,2,0.0,0.0,4.0,6.0,5.0,3.0,2.0,1.0,0.0,33.0,1.8599622181173245,0.0,22
351,351,2.0,1.0,5.397389092832497,2.2384222481847367,0.00312592036852026,-7.889473703336764e-17,2.2524074754960534e-18,4.426523730191306e-05,2,0.0,0.0,1.0,1.0,2.0,0.0,0.0,0.0,0.0,23.0,1.1989578793906799,0.0,1
352,352,3.0,2.0,6.25238042880125,5.227697084716523,0.0019677206716812216,-1.3925498203729766e-17,-8.762575392972915e-18,3.621701233792887e-05,2,0.0,0.0,3.0,3.0,2.0,2.0,2.0,0.0,0.0,24.0,2.966954141259281,0.31999999999999984,7
353,353,2.0,0.0,4.107739204517619,0.0,0.0014772565970133829,-1.0189807490001854e-16,0.0,0.0,2,0.0,0.0,0.0,0.0,0.0,0.0,0.0,0.0,0.0,20.0,0.0,0.0,4
354,354,0.0,2.0,0.0,3.701183927928551,0.0007724660304828264,0.0,-1.0704515864097862e-19,0.0,2,0.0,0.0,6.0,10.0,5.0,4.0,4.0,3.0,2.0,32.0,0.0,0.0,3
355,355,0.0,1.0,0.0,2.1733044479548944,0.0007724660304828264,0.0,3.8067712419843476e-18,0.0,1,0.0,0.0,1.0,1.0,1.0,0.0,0.0,0.0,0.0,2.0,0.0,0.0,47
356,356,0.0,1.0,0.0,2.415677302355365,0.0007724660304828264,0.0,-1.6318581608070563e-18,0.0,1,0.0,0.0,2.0,3.0,4.0,2.0,0.0,0.0,0.0,33.0,-1.0171668380329117,0.0,22
357,357,1.0,0.0,2.700501226367016,0.0,0.0011898650280827783,-1.3665474128775334e-17,0.0,0.0,1,0.0,0.0,0.0,0.0,0.0,0.0,0.0,0.0,0.0,29.0,-1.148120993255917,0.0,5
358,358,1.0,2.0,1.4802691439887785,4.593387554987019,0.0016328021956258302,-4.2141642519391133e-19,-3.59764134271858e-18,1.6096449927968387e-05,2,0.0,0.0,2.0,2.0,2.0,1.0,0.0,0.0,0.0,25.0,1.2123357873198437,0.0,12
359,359,1.0,1.0,1.6984470575792603,1.632058405659834,0.0014290609935128603,-3.690386227558383e-18,5.303782052452453e-19,4.024112481992097e-06,1,0.0,0.0,1.0,1.0,1.0,0.0,0.0,0.0,0.0,3.0,1.4142135593730951,0.0,43
360,360,1.0,2.0,3.0413886501792176,5.276434269284246,0.0014290609935128603,-1.2194674829956103e-17,7.231624727959882e-18,6.036168722988145e-05,2,0.0,0.0,3.0,5.0,5.0,3.0,3.0,0.0,0.0,32.0,0.0,0.4444444444444444,3
361,361,3.0,1.0,4.610256512555299,1.7628712978570154,0.003949015466665384,2.1119794870011237e-17,7.14224482642456e-19,0.009694086969118961,2,0.0,0.0,3.0,4.0,4.0,3.0,2.0,0.0,0.0,23.0,1.1989578793906799,0.375,1
362,362,2.0,1.0,7.921910057288688,1.4999395179216868,0.0036666685542435834,0.7047848287168048,-5.986906813196147e-18,0.0008893288585202534,2,0.0,0.0,2.0,4.0,4.0,3.0,0.0,0.0,0.0,22.0,0.0,0.4444444444444444,30
363,363,1.0,2.0,1.9177519302910024,3.425630461692686,0.0016931101695755687,-1.0489194778109347e-18,-3.35065562993079e-19,0.000832991283772364,2,0.0,0.0,4.0,6.0,3.0,3.0,3.0,2.0,0.0,23.0,0.0,0.4444444444444444,1
364,364,1.0,1.0,1.7064720615402846,1.532337040470306,0.00250499932635741,6.893935336357601e-18,8.734550835696434e-20,0.0005311828476229568,1,0.0,0.0,3.0,3.0,3.0,2.0,1.0,0.0,0.0,29.0,-0.06382256456819727,0.0,0
365,365,1.0,0.0,1.6445045170368537,0.0,0.0015813330276702765,-2.64283438320524e-18,0.0,0.0,1,0.0,0.0,0.0,0.0,0.0,0.0,0.0,0.0,0.0,16.0,-0.9438798064303572,0.0,19
366,366,2.0,1.0,3.604794273015549,1.5096436875539396,0.0021484411389165554,2.1384923811183423e-17,-1.9537934910699589e-19,8.048224963984194e-05,2,0.0,0.0,4.0,5.0,5.0,4.0,3.0,2.0,0.0,20.0,0.0,0.4444444444444444,2
367,367,0.0,2.0,0.0,3.5490060776593433,0.0007724660304828264,0.0,1.7284756838945785e-17,0.0,2,0.0,0.0,4.0,6.0,4.0,3.0,3.0,2.0,0.0,29.0,-0.06579516943320646,0.0,11
368,368,0.0,1.0,0.0,1.4828917900603116,0.0007724660304828264,0.0,8.175255252586897e-20,0.0,1,0.0,0.0,2.0,4.0,3.0,3.0,0.0,0.0,0.0,33.0,-1.0171668380329117,0.0,22
369,369,2.0,1.0,4.052773009725105,1.4711775394433781,0.004086777944883614,2.544113005372107e-18,-1.823813426013783e-18,0.0035130501967791006,2,0.0,0.0,3.0,4.0,4.0,4.0,2.0,0.0,0.0,23.0,0.0,0.4444444444444444,1
370,370,1.0,0.0,2.226913039936368,0.0,0.0024208589869218686,1.005900486147611e-17,0.0,0.0,1,0.0,0.0,0.0,0.0,0.0,0.0,0.0,0.0,0.0,20.0,-0.9999999989999999,0.0,4
371,371,1.0,1.0,4.015423358817031,2.371784182952626,0.0020429020522243673,-2.5919816965607255e-18,-3.815656609891261e-18,2.414467489195258e-05,2,0.0,0.0,1.0,1.0,3.0,0.0,0.0,0.0,0.0,29.0,0.0,0.0,5
372,372,2.0,1.0,3.130451289309984,1.7540266629502377,0.0014993368557486794,-2.930778927443894e-18,3.8245793406991083e-19,2.414467489195258e-05,2,0.0,0.0,1.0,1.0,2.0,0.0,0.0,0.0,0.0,17.0,1.160609720179676,0.0,14
373,373,2.0,2.0,2.9501290063585346,5.54982158040444,0.00472862344135077,-8.550425998027218e-18,3.909588085486484e-17,0.00531585258871156,2,0.0,0.0,3.0,5.0,4.0,4.0,2.0,0.0,0.0,23.0,1.1989578793906799,0.375,1
374,374,0.0,1.0,0.0,1.7247673219882933,0.0007724660304828264,0.0,5.2813844322513976e-18,0.0,1,0.0,0.0,2.0,4.0,4.0,4.0,0.0,0.0,0.0,23.0,-1.1989578793906799,0.0,1
375,375,1.0,1.0,1.697748741804529,1.7497838647235964,0.0013318903152200333,-3.563509892403855e-18,0.17880041572442978,5.633757474788935e-05,2,0.0,0.0,2.0,3.0,4.0,3.0,0.0,0.0,0.0,22.0,0.0,0.0,30
376,376,2.0,0.0,5.945760729513645,0.0,0.003517302399003601,4.1962463377652965e-17,0.0,0.0,2,0.0,0.0,0.0,0.0,0.0,0.0,0.0,0.0,0.0,29.0,0.0,0.0,5
377,377,0.0,1.0,0.0,1.5388649666999874,0.0007724660304828264,0.0,-1.2527055568036402e-17,0.0,1,0.0,0.0,4.0,7.0,6.0,4.0,3.0,2.0,0.0,29.0,-0.9892497508070557,0.0,0
378,378,1.0,2.0,1.4026882130146219,3.099215282542853,0.004508850063709191,2.246876748684133e-19,-1.3107460858965543e-19,0.029496744493002068,2,0.0,0.0,5.0,8.0,4.0,3.0,2.0,2.0,2.0,33.0,-1.0171668380329117,0.6666666666666667,22
379,379,1.0,1.0,1.9493406646819584,1.9624486043090654,0.001014397398457751,3.485703765279052e-18,5.213420680508069e-20,0.0,2,0.0,0.0,1.0,1.0,2.0,0.0,0.0,0.0,0.0,20.0,0.0,0.0,2
380,380,2.0,0.0,3.717383186327113,0.0,0.0018979602320214274,-1.2584165143484221e-17,0.0,0.0,2,0.0,0.0,0.0,0.0,0.0,0.0,0.0,0.0,0.0,24.0,0.11867816565037116,0.0,7
381,381,1.0,0.0,1.97086455752296,0.0,0.00383720709693547,2.384849683088176e-18,0.0,0.0,1,0.0,0.0,0.0,0.0,0.0,0.0,0.0,0.0,0.0,33.0,-1.0171668380329117,0.0,22
382,382,1.0,2.0,1.7750017136973704,4.105312137487043,0.001987167611108312,1.5227142919185262e-18,-3.908863869994726e-18,4.024112481992097e-05,1,0.0,0.0,3.0,4.0,4.0,3.0,1.0,0.0,0.0,32.0,1.0690449665068404,0.0,3
383,383,0.0,0.0,0.0,0.0,0.0007724660304828264,0.0,0.0,0.0,0,0.0,0.0,0.0,0.0,0.0,0.0,0.0,0.0,0.0,1.0,0.0,0.0,65
384,384,2.0,2.0,5.372068090010799,4.35734090562075,0.0024505903367201495,-6.928236467963493e-17,-1.2777046878821924e-18,0.0018913328665362853,2,0.0,0.0,6.0,8.0,6.0,3.0,3.0,2.0,2.0,25.0,1.2499999984374999,0.375,23
385,385,3.0,3.0,7.453711021939082,5.7080871533843025,0.0021903627292484693,9.992327136315977e-18,-1.0816880976326489e-17,0.0013239330065753997,2,0.0,0.0,6.0,8.0,4.0,4.0,4.0,2.0,2.0,27.0,0.8805874412579646,0.6666666666666666,10
386,386,3.0,1.0,4.605016146590123,1.564526029595134,0.004673141768863573,1.2411836368809645e-17,-1.3255614826581822e-18,0.002756517050164586,2,0.0,0.0,2.0,3.0,4.0,4.0,0.0,0.0,0.0,33.0,1.8599622181173245,0.0,22
387,387,1.0,2.0,1.676699491992733,6.068835924113905,0.001238401645797936,-3.5935019138430054e-18,-1.555963973876968e-18,1.6096449927968387e-05,2,0.0,0.0,2.0,2.0,2.0,2.0,0.0,0.0,0.0,32.0,0.0,0.4444444444444444,3
388,388,1.0,1.0,1.5700764978267123,3.477275082669794,0.0014290609935128603,-4.153196490938316e-19,-1.7981478936000785e-16,4.024112481992097e-06,1,0.0,0.0,1.0,1.0,3.0,0.0,0.0,0.0,0.0,16.0,0.1348399723471939,0.0,19
389,389,2.0,2.0,5.13858151180267,7.5934559044175405,0.0020953103156949194,-1.3162734140223226e-18,-4.021687493360558e-16,0.0017062236923646489,2,0.0,0.0,4.0,8.0,4.0,4.0,3.0,1.0,0.0,20.0,1.9999999979999998,0.0,4
390,390,2.0,1.0,3.987166348335002,2.1993661751379743,0.004786103700877724,-6.1457019999390545e-18,6.413487473885938e-21,0.0007243402467585774,2,0.0,0.0,1.0,1.0,1.0,0.0,0.0,0.0,0.0,32.0,1.0690449665068404,0.0,3
391,391,0.0,1.0,0.0,1.8395405435555179,0.0007724660304828264,0.0,3.657521845218683e-19,0.0,1,0.0,0.0,1.0,1.0,2.0,0.0,0.0,0.0,0.0,25.0,-1.0327304854946815,0.0,12
392,392,2.0,0.0,3.9102145394364505,0.0,0.002063430945424337,-4.3607793440441284e-17,0.0,0.0,2,0.0,0.0,0.0,0.0,0.0,0.0,0.0,0.0,0.0,22.0,0.0,0.0,30
393,393,3.0,3.0,5.331388862616396,5.24558784384074,0.002238235806770292,1.1441007894015804e-17,-1.2088994550714153e-17,0.00014486804935171549,2,0.0,0.0,5.0,7.0,4.0,3.0,3.0,2.0,1.0,17.0,3.2374902720801484,0.2777777777777777,14
394,394,3.0,3.0,5.944842407393169,6.557020808800168,0.0025102168007873293,-5.614627147232371e-17,-1.5904987730589633e-16,0.0003541218984153045,2,0.0,0.0,6.0,8.0,4.0,3.0,3.0,2.0,2.0,29.0,1.7870318079095198,0.5,0
395,395,0.0,1.0,0.0,1.4516350676846206,0.0007724660304828264,0.0,-3.666025478368508e-20,0.0,1,0.0,0.0,2.0,3.0,3.0,3.0,0.0,0.0,0.0,33.0,-1.0171668380329117,0.0,22
396,396,2.0,2.0,6.162003530288004,3.459261183604786,0.0018707870118868466,-4.677955534332188e-16,-1.9839845903743612e-17,0.0026076248883308787,2,0.0,0.0,6.0,11.0,4.0,4.0,3.0,3.0,2.0,20.0,0.9999999989999999,0.375,4
397,397,2.0,1.0,3.2056281229803307,1.582069779939346,0.0019877177217161677,-5.415038615046095e-16,-2.487195192241505e-18,0.00014084393686972338,2,0.0,0.0,1.0,1.0,2.0,0.0,0.0,0.0,0.0,22.0,0.0,0.4444444444444444,30
398,398,0.0,0.0,0.0,0.0,0.0007724660304828264,0.0,0.0,0.0,0,0.0,0.0,0.0,0.0,0.0,0.0,0.0,0.0,0.0,1.0,0.0,0.0,66
399,399,1.0,2.0,1.61300428530326,4.969999865680974,0.0014290609935128603,-2.8168968193753562e-18,5.6831987928562524e-18,0.0003420495609693282,2,0.0,0.0,6.0,9.0,6.0,5.0,4.0,2.0,2.0,27.0,0.8805874412579646,0.0,10
400,400,1.0,3.0,1.6379533011733145,6.90872666027419,0.001063041129740519,5.675890677434156e-19,-5.7097314161259125e-18,5.231346226589726e-05,2,0.0,0.0,6.0,8.0,5.0,2.0,2.0,2.0,2.0,32.0,2.138089933013681,0.0,3
401,401,1.0,2.0,2.444395357389493,6.518374458617078,0.0013414314769078063,-1.6747049033320006e-18,-3.963285312752178e-18,0.0016861031299546885,2,0.0,0.0,6.0,9.0,7.0,3.0,2.0,1.0,1.0,29.0,0.8616046216706612,0.0,0
402,402,2.0,0.0,3.433317232493326,0.0,0.003251893433165554,-1.0843179936350696e-17,0.0,0.0,2,0.0,0.0,0.0,0.0,0.0,0.0,0.0,0.0,0.0,27.0,-1.0214814318592387,0.5,10
403,403,3.0,3.0,6.328079623259978,9.185980678818838,0.0035654146361372052,1.929181019639099e-17,-1.4641023884961164e-15,0.0066075926954310225,2,0.0,0.0,7.0,12.0,6.0,3.0,3.0,3.0,3.0,22.0,1.1726039385808573,0.6666666666666666,30
404,404,1.0,1.0,1.6273863226756087,2.182431739720557,0.0009636939510493513,3.0143734872299175e-18,-5.040649493068447e-17,3.621701233792887e-05,2,0.0,0.0,2.0,3.0,5.0,3.0,0.0,0.0,0.0,29.0,-0.9892497508070557,0.5,0
405,405,1.0,1.0,2.158535801852137,2.0248879359318375,0.0023087505629414565,4.735871347348835e-19,4.592821379051279e-19,0.02611649000812871,2,0.0,0.0,3.0,5.0,4.0,3.0,1.0,0.0,0.0,33.0,-0.058123819316166336,0.0,22
406,406,1.0,1.0,2.462426075996508,1.654482367957748,0.001355848879132719,-2.0554747733306554e-17,-4.421863126841452e-18,0.0009778593331240795,2,0.0,0.0,2.0,3.0,4.0,3.0,0.0,0.0,0.0,24.0,0.11867816565037116,0.0,7
407,407,2.0,1.0,2.9553599147729557,3.0044355105582974,0.0031711812461540714,4.471507680759548e-19,3.063151620862038e-20,0.0008692082961102929,2,0.0,0.0,2.0,2.0,3.0,2.0,0.0,0.0,0.0,10.0,0.0,0.4444444444444444,17
408,408,1.0,1.0,1.4643715847338739,1.6643917770760746,0.0009510854066900542,-1.2412114440215388e-17,4.6569987455446665e-19,4.024112481992097e-06,1,0.0,0.0,1.0,1.0,1.0,0.0,0.0,0.0,0.0,25.0,0.0,0.0,23
409,409,2.0,3.0,2.8227156501693655,5.78554459645931,0.0016022702585774557,-9.553339722969043e-18,-2.5128936703272764e-19,4.024112481992097e-05,2,0.0,0.0,4.0,5.0,4.0,3.0,1.0,1.0,0.0,25.0,2.334868923727106,0.31999999999999984,12
410,410,0.0,0.0,0.0,0.0,0.0007724660304828264,0.0,0.0,0.0,0,0.0,0.0,0.0,0.0,0.0,0.0,0.0,0.0,0.0,1.0,0.0,0.0,67
411,411,0.0,1.0,0.0,3.5876371783852106,0.0007724660304828264,0.0,1.141363730648539e-17,0.0,1,0.0,0.0,4.0,6.0,4.0,4.0,3.0,3.0,0.0,25.0,-1.2499999984374999,0.0,23
412,412,1.0,2.0,3.058203769942611,3.53931303396519,0.0011491048397938536,-2.9113741172047746e-17,4.510198299280373e-18,0.0005150863976949884,2,0.0,0.0,4.0,6.0,4.0,3.0,3.0,2.0,0.0,25.0,0.08980265091258109,0.4444444444444444,12
413,413,1.0,1.0,2.2257152326802987,1.7750017136973704,0.0014290609935128603,1.000143205652814e-17,3.918724847034957e-19,2.414467489195258e-05,1,0.0,0.0,3.0,4.0,4.0,3.0,1.0,0.0,0.0,32.0,0.0,0.0,3
414,414,0.0,1.0,0.0,1.487961030099421,0.0007724660304828264,0.0,-1.6780652721092423e-17,0.0,1,0.0,0.0,3.0,6.0,4.0,3.0,2.0,0.0,0.0,29.0,-1.148120993255917,0.0,5
415,415,1.0,2.0,1.6164769966759012,4.098709092404953,0.004937436015457261,1.2377405274797532e-18,-3.724578979802385e-18,0.0007203161342765853,2,0.0,0.0,4.0,4.0,3.0,3.0,2.0,1.0,0.0,13.0,-0.9013878180534972,0.6666666666666667,28
416,416,0.0,4.0,0.0,6.471363586503783,0.0007724660304828264,0.0,-8.915330635491192e-18,0.0,2,0.0,0.0,11.0,15.0,5.0,5.0,4.0,4.0,4.0,29.0,-1.0198251262146982,0.75,11
417,417,0.0,0.0,0.0,0.0,0.0007724660304828264,0.0,0.0,0.0,0,0.0,0.0,0.0,0.0,0.0,0.0,0.0,0.0,0.0,1.0,0.0,0.0,68
418,418,3.0,0.0,7.174066302067732,0.0,0.003915157361050936,-1.1096002476832575e-17,0.0,0.0,2,0.0,0.0,0.0,0.0,0.0,0.0,0.0,0.0,0.0,29.0,1.148120993255917,0.0,5
419,419,0.0,3.0,0.0,6.121926684641398,0.0007724660304828264,0.0,-2.612217323629576e-18,0.0,2,0.0,0.0,7.0,9.0,6.0,4.0,3.0,2.0,2.0,25.0,0.08980265091258109,0.4444444444444444,12
420,420,0.0,3.0,0.0,5.354563313682019,0.0007724660304828264,0.0,6.390774522485968e-18,0.0,2,0.0,0.0,7.0,14.0,6.0,5.0,4.0,3.0,2.0,29.0,-0.06579516943320646,0.4444444444444444,11
421,421,2.0,1.0,3.456211877683209,1.6394925261676638,0.0031029138732469033,-1.0637231532970703e-18,-9.817348604520397e-19,0.00016096449927968388,2,0.0,0.0,1.0,1.0,1.0,0.0,0.0,0.0,0.0,29.0,0.0,0.4444444444444444,5
422,422,0.0,0.0,0.0,0.0,0.0007724660304828264,0.0,0.0,0.0,0,0.0,0.0,0.0,0.0,0.0,0.0,0.0,0.0,0.0,1.0,0.0,0.0,69
423,423,0.0,1.0,0.0,1.7001289412778897,0.0007724660304828264,0.0,4.445044803925756e-19,0.0,1,0.0,0.0,1.0,1.0,1.0,0.0,0.0,0.0,0.0,2.0,0.0,0.0,57
424,424,0.0,0.0,0.0,0.0,0.0007724660304828264,0.0,0.0,0.0,0,0.0,0.0,0.0,0.0,0.0,0.0,0.0,0.0,0.0,1.0,0.0,0.0,70
425,425,0.0,3.0,0.0,5.382949078408345,0.0007724660304828264,0.0,-2.822773315045085e-17,0.0,1,0.0,0.0,5.0,7.0,4.0,4.0,2.0,1.0,1.0,25.0,1.2499999984374999,0.0,23
426,426,1.0,0.0,1.6938894989079236,0.0,0.00114378693601028,2.314231254258611e-17,0.0,0.0,1,0.0,0.0,0.0,0.0,0.0,0.0,0.0,0.0,0.0,29.0,-0.9892497508070557,0.0,0
427,427,0.0,0.0,0.0,0.0,0.0007724660304828264,0.0,0.0,0.0,0,0.0,0.0,0.0,0.0,0.0,0.0,0.0,0.0,0.0,1.0,0.0,0.0,71
428,428,0.0,0.0,0.0,0.0,0.0007724660304828264,0.0,0.0,0.0,0,0.0,0.0,0.0,0.0,0.0,0.0,0.0,0.0,0.0,1.0,0.0,0.0,72
429,429,1.0,2.0,1.4223930890299028,4.719632199116604,0.002290924592326166,-2.3947912914425205e-18,-1.4133771481546937e-17,0.018724195378709226,2,0.0,0.0,4.0,7.0,5.0,3.0,3.0,1.0,0.0,29.0,0.8882347873482853,0.0,11
430,430,0.0,0.0,0.0,0.0,0.0007724660304828264,0.0,0.0,0.0,0,0.0,0.0,0.0,0.0,0.0,0.0,0.0,0.0,0.0,1.0,0.0,0.0,73
431,431,2.0,1.0,3.858964459174789,1.3999948919036989,0.0017849629931016423,-7.875339731027701e-18,-2.5810270762576097e-18,0.0009657869956781032,2,0.0,0.0,2.0,3.0,3.0,2.0,0.0,0.0,0.0,22.0,0.0,0.4444444444444444,30
432,432,2.0,0.0,3.30911736693108,0.0,0.004875075658686993,1.3713553167475014e-18,0.0,0.0,1,0.0,0.0,0.0,0.0,0.0,0.0,0.0,0.0,0.0,25.0,0.08980265091258109,0.0,12
433,433,2.0,0.0,4.288707217937351,0.0,0.001569974855886099,1.4821603170980663e-17,0.0,0.0,2,0.0,0.0,0.0,0.0,0.0,0.0,0.0,0.0,0.0,22.0,-1.105541595562911,0.5,24
434,434,0.0,1.0,0.0,1.3930418631885082,0.0007724660304828264,0.0,-1.2187436855018618e-17,0.0,1,0.0,0.0,2.0,2.0,5.0,1.0,0.0,0.0,0.0,22.0,-1.1726039385808573,0.0,30
435,435,1.0,1.0,1.658940291303544,1.6065207247471711,0.0033521574751049174,1.7135625247410784e-18,-5.098684135946798e-19,0.007380222291973505,2,0.0,0.0,2.0,3.0,3.0,2.0,0.0,0.0,0.0,33.0,-1.0171668380329117,0.5,22
436,436,1.0,0.0,2.055947289111419,0.0,0.002721882743906931,-1.236671435532098e-17,0.0,0.0,1,0.0,0.0,0.0,0.0,0.0,0.0,0.0,0.0,0.0,25.0,-1.0327304854946815,0.0,12
437,437,0.0,2.0,0.0,3.8232533642277655,0.0007724660304828264,0.0,-4.003571184443607e-18,0.0,2,0.0,0.0,4.0,4.0,4.0,2.0,2.0,1.0,0.0,29.0,0.0,0.0,5
438,438,1.0,2.0,1.7087605638666243,6.704556832071189,0.0010222045051153986,1.7177486816363747e-18,5.274205360956651e-17,8.048224963984193e-06,2,0.0,0.0,2.0,2.0,2.0,1.0,0.0,0.0,0.0,29.0,-0.06579516943320646,0.4444444444444444,11
439,439,1.0,0.0,1.9090198106526726,0.0,0.0019514929792465159,-2.129376741377904e-18,0.0,0.0,1,0.0,0.0,0.0,0.0,0.0,0.0,0.0,0.0,0.0,29.0,-0.9892497508070557,0.0,0
440,440,1.0,2.0,2.2060144356907703,3.9888573638939504,0.001131827464746228,-4.993423036060748e-18,-3.964588716053324e-17,2.0120562409960485e-05,2,0.0,0.0,4.0,5.0,4.0,3.0,2.0,1.0,0.0,20.0,0.9999999989999999,0.0,4
441,441,1.0,2.0,1.4646343953933632,5.742805885096583,0.0016764754648288505,2.6033159775784857e-19,1.443346585230592e-17,0.004398354942817362,2,0.0,0.0,4.0,7.0,5.0,4.0,3.0,2.0,0.0,22.0,1.105541595562911,0.0,24
442,442,1.0,0.0,1.632058405659834,0.0,0.001987167611108312,2.241415664999762e-18,0.0,0.0,1,0.0,0.0,0.0,0.0,0.0,0.0,0.0,0.0,0.0,3.0,-0.7071067796865473,0.0,43
443,443,0.0,0.0,0.0,0.0,0.0007724660304828264,0.0,0.0,0.0,0,0.0,0.0,0.0,0.0,0.0,0.0,0.0,0.0,0.0,1.0,0.0,0.0,74
444,444,2.0,1.0,5.497738304154466,1.5442545219169614,0.0031937474813862003,1.5828805703150052e-17,3.033250731795282e-20,0.001082486257655874,2,0.0,0.0,2.0,3.0,2.0,2.0,0.0,0.0,0.0,25.0,1.2499999984374999,0.0,23
445,445,3.0,1.0,6.328565744149383,3.260749563336458,0.0036735079764017554,-6.411350883738874e-18,8.228570824596742e-20,0.014060249012080386,2,0.0,0.0,3.0,7.0,4.0,4.0,3.0,0.0,0.0,29.0,1.8422647441297773,0.0,11
446,446,0.0,1.0,0.0,3.0413886501792176,0.0007724660304828264,0.0,-5.377367465257885e-18,0.0,1,0.0,0.0,3.0,4.0,3.0,3.0,3.0,0.0,0.0,32.0,-1.0690449665068404,0.0,3
447,447,1.0,1.0,1.5285061019717505,1.626388043562779,0.0018603424883173168,1.7462071982989176e-19,-2.350022564953069e-18,0.0013199088940934077,1,0.0,0.0,2.0,2.0,3.0,1.0,0.0,0.0,0.0,33.0,-0.058123819316166336,0.0,22
448,448,0.0,0.0,0.0,0.0,0.0007724660304828264,0.0,0.0,0.0,0,0.0,0.0,0.0,0.0,0.0,0.0,0.0,0.0,0.0,1.0,0.0,0.0,75
449,449,1.0,1.0,2.884313136725833,2.303638860903255,0.0021512957364692876,-7.253815380265815e-20,5.286766316764101e-18,0.00016901272424366806,2,0.0,0.0,2.0,3.0,3.0,2.0,0.0,0.0,0.0,25.0,0.0,0.0,23
450,450,0.0,1.0,0.0,2.2357732790171556,0.0007724660304828264,0.0,1.269403981233866e-18,0.0,1,0.0,0.0,2.0,3.0,4.0,2.0,0.0,0.0,0.0,13.0,-0.9013878180534972,0.0,28
451,451,1.0,0.0,1.9939425447346448,0.0,0.0014290609935128603,-5.1832039658945716e-18,0.0,0.0,1,0.0,0.0,0.0,0.0,0.0,0.0,0.0,0.0,0.0,2.0,0.0,0.0,53
452,452,1.0,3.0,1.6028501311049,6.28239261095577,0.0011745576560055608,-2.7531293739827862e-17,1.5045558377857243e-18,0.003042229036386025,2,0.0,0.0,9.0,15.0,7.0,4.0,3.0,3.0,2.0,29.0,0.0,0.625,5
453,453,2.0,1.0,3.4959588088627087,1.5402944603885063,0.004608032830414242,-1.7418488170079744e-19,3.922905649803065e-18,0.0071749925553919085,2,0.0,0.0,2.0,4.0,5.0,3.0,0.0,0.0,0.0,33.0,-0.058123819316166336,0.4444444444444444,22
454,454,0.0,0.0,0.0,0.0,0.0007724660304828264,0.0,0.0,0.0,0,0.0,0.0,0.0,0.0,0.0,0.0,0.0,0.0,0.0,1.0,0.0,0.0,76
455,455,2.0,1.0,3.6629635134970693,1.8260414433471523,0.00490303085639423,-1.9965262540339238e-17,-7.27449831666538e-19,0.010494885353035388,2,0.0,0.0,2.0,4.0,4.0,3.0,0.0,0.0,0.0,24.0,0.11867816565037116,0.4444444444444444,7
456,456,3.0,3.0,5.678396544234596,4.856053651368027,0.004023577410359023,-5.889229623762242e-19,-6.2027758198975834e-18,0.013448583914817586,2,0.0,0.0,4.0,6.0,4.0,3.0,3.0,2.0,0.0,29.0,2.796294700911269,0.2777777777777777,11
457,457,2.0,4.0,3.699990267386746,6.980158055317863,0.0013190988992571014,1.0398381654488927e-17,7.66958777510903e-20,0.0005633757474788935,2,0.0,0.0,7.0,10.0,4.0,3.0,2.0,2.0,2.0,20.0,3.354101962499685,0.2777777777777777,2
458,458,1.0,1.0,2.2357732790171556,2.221982315091641,0.0014290609935128603,3.916016605897495e-18,1.566502859179933e-17,2.0120562409960485e-05,1,0.0,0.0,2.0,3.0,4.0,3.0,0.0,0.0,0.0,13.0,0.0,0.0,28
459,459,1.0,1.0,1.3935653329791386,1.394339469713394,0.0014290609935128603,-2.321558965386818e-18,7.277693943589161e-20,1.207233744597629e-05,1,0.0,0.0,2.0,3.0,3.0,2.0,0.0,0.0,0.0,33.0,-0.058123819316166336,0.0,22
460,460,3.0,3.0,4.775217765229881,5.2138696273391725,0.0032944774167373656,-5.84059194398799e-18,-1.2830663801847704e-17,0.0036377976837208554,2,0.0,0.0,4.0,5.0,4.0,3.0,2.0,2.0,0.0,24.0,1.5428161534548264,0.6666666666666666,7
461,461,0.0,0.0,0.0,0.0,0.0007724660304828264,0.0,0.0,0.0,0,0.0,0.0,0.0,0.0,0.0,0.0,0.0,0.0,0.0,1.0,0.0,0.0,77
462,462,0.0,1.0,0.0,1.641301502427177,0.0007724660304828264,0.0,-3.111174595364747e-20,0.0,1,0.0,0.0,2.0,2.0,2.0,1.0,0.0,0.0,0.0,3.0,-0.7071067796865473,0.0,29
463,463,1.0,1.0,2.3231478167633544,2.036634208841501,0.0011628545269292787,4.1640746109578425e-18,3.378351933666024e-18,4.024112481992097e-05,2,0.0,0.0,4.0,6.0,6.0,4.0,3.0,1.0,0.0,17.0,0.12216944422943958,0.0,14
464,464,0.0,1.0,0.0,1.5700764978267123,0.0007724660304828264,0.0,-9.454332263988176e-20,0.0,1,0.0,0.0,2.0,2.0,3.0,2.0,0.0,0.0,0.0,16.0,-0.9438798064303572,0.0,19
465,465,0.0,1.0,0.0,1.5891597108529947,0.0007724660304828264,0.0,4.2740117611990186e-19,0.0,1,0.0,0.0,1.0,1.0,2.0,0.0,0.0,0.0,0.0,33.0,-1.0171668380329117,0.0,22
466,466,1.0,1.0,2.8408277106746174,1.4687863815549194,0.0011523145988353559,-3.2938988091803417e-17,8.097491442883088e-20,0.0006800750094566643,2,0.0,0.0,2.0,4.0,3.0,3.0,0.0,0.0,0.0,29.0,-1.148120993255917,0.5,5
467,467,0.0,0.0,0.0,0.0,0.0007724660304828264,0.0,0.0,0.0,0,0.0,0.0,0.0,0.0,0.0,0.0,0.0,0.0,0.0,1.0,0.0,0.0,78
468,468,1.0,1.0,1.4267218207600125,1.7173039903265632,0.003077111098854996,-1.4222864179352095e-19,-3.211498795248055e-19,4.024112481992097e-05,2,0.0,0.0,2.0,2.0,2.0,2.0,0.0,0.0,0.0,16.0,0.1348399723471939,0.0,19
469,469,1.0,1.0,2.1886166878337927,1.6854169089959048,0.0031428282891511022,1.1631184670430674e-17,-1.5017803394697044e-18,0.001416487593661218,2,0.0,0.0,2.0,2.0,3.0,1.0,0.0,0.0,0.0,32.0,0.0,0.0,3
470,470,0.0,0.0,0.0,0.0,0.0007724660304828264,0.0,0.0,0.0,0,0.0,0.0,0.0,0.0,0.0,0.0,0.0,0.0,0.0,1.0,0.0,0.0,79
471,471,2.0,0.0,4.378743656983623,0.0,0.003354591312368046,3.851050622624827e-18,0.0,0.0,2,0.0,0.0,0.0,0.0,0.0,0.0,0.0,0.0,0.0,32.0,-1.0690449665068404,0.5,3
472,472,2.0,1.0,3.5363209762557997,1.4105582346951948,0.00654537207895737,-1.1802098625024198e-18,3.0756612754074757e-19,0.0007726295965424826,2,0.0,0.0,1.0,1.0,2.0,0.0,0.0,0.0,0.0,16.0,-0.9438798064303572,0.6666666666666667,19
473,473,2.0,1.0,3.4911261385993617,3.0943650459898744,0.003319909670373545,-3.366778333865126e-18,8.853932409286364e-18,0.00019718151161761274,2,0.0,0.0,1.0,1.0,1.0,0.0,0.0,0.0,0.0,22.0,0.0,0.4444444444444444,24
474,474,3.0,1.0,8.936134432211471,1.9398939769934056,0.0028121213473709964,-3.3095518458544944e-16,4.132489343202542e-20,0.00019315739913562064,2,0.0,0.0,2.0,3.0,3.0,3.0,0.0,0.0,0.0,29.0,0.8616046216706612,0.375,0
475,475,2.0,2.0,4.840827604862759,6.011441590237558,0.003960552244161841,-8.167894684561522e-17,2.859073349675869e-17,0.00028571198622143884,2,0.0,0.0,4.0,5.0,3.0,3.0,2.0,2.0,0.0,10.0,1.5811388275841898,0.375,17
476,476,0.0,2.0,0.0,3.437779524341969,0.0007724660304828264,0.0,-1.584894879445351e-17,0.0,2,0.0,0.0,4.0,5.0,5.0,3.0,3.0,1.0,0.0,22.0,0.0,0.0,30
477,477,1.0,2.0,1.5057735576849625,3.6494315809341367,0.0010956908925554175,1.0812741243900911e-17,-4.687296833754947e-19,0.0007001955718666248,2,0.0,0.0,6.0,12.0,4.0,4.0,3.0,3.0,3.0,23.0,-1.1989578793906799,0.6666666666666667,1
478,478,3.0,2.0,5.110556213157519,3.385517024449719,0.0016993998793647376,-1.1385514534697836e-17,-4.780310477664323e-18,8.048224963984194e-05,2,0.0,0.0,3.0,4.0,4.0,3.0,2.0,0.0,0.0,27.0,0.8805874412579646,0.5599999999999999,10
479,479,1.0,2.0,1.7519063392555028,5.8846873447367525,0.0010222812431543975,8.828369887482894e-19,-6.743019975115674e-18,0.0004869176103210437,2,0.0,0.0,6.0,9.0,5.0,4.0,2.0,2.0,2.0,29.0,0.0,0.4444444444444444,5
480,480,0.0,1.0,0.0,2.2257152326802987,0.0007724660304828264,0.0,3.2274487675789113e-18,0.0,1,0.0,0.0,2.0,4.0,3.0,2.0,0.0,0.0,0.0,32.0,-1.0690449665068404,0.0,3
481,481,1.0,2.0,1.5709940658190207,4.6210693229185065,0.001634626079428611,-9.047207317099816e-19,-7.038163240230994e-18,0.0003098566611133914,2,0.0,0.0,3.0,3.0,3.0,3.0,1.0,0.0,0.0,29.0,1.148120993255917,0.0,5
482,482,1.0,2.0,1.5115794239384968,6.887269831303099,0.0014290609935128603,-1.1666170462557189e-19,-9.430100370154551e-18,0.00034607367345132034,2,0.0,0.0,4.0,7.0,4.0,4.0,4.0,3.0,0.0,27.0,0.8805874412579646,0.0,10
483,483,1.0,1.0,2.2192810595161294,4.015423358817031,0.0014946306524787098,-6.061003257526053e-17,-1.5090055651177185e-18,7.243402467585774e-05,2,0.0,0.0,2.0,2.0,3.0,2.0,0.0,0.0,0.0,29.0,-1.148120993255917,0.5,5
484,484,0.0,0.0,0.0,0.0,0.0007724660304828264,0.0,0.0,0.0,0,0.0,0.0,0.0,0.0,0.0,0.0,0.0,0.0,0.0,1.0,0.0,0.0,80
485,485,2.0,3.0,5.798220989316077,6.947859608737204,0.0021274236949353,-1.1381829082045954e-22,-1.0353310853212876e-16,0.0022132618650956533,2,0.0,0.0,9.0,15.0,6.0,5.0,4.0,4.0,3.0,29.0,1.7870318079095198,0.31999999999999984,0
486,486,2.0,0.0,3.158482860071943,0.0,0.005478097717239532,1.7819851830766393e-18,0.0,0.0,2,0.0,0.0,0.0,0.0,0.0,0.0,0.0,0.0,0.0,16.0,0.1348399723471939,0.0,19
487,487,2.0,0.0,4.413194596649844,0.0,0.0015799196380859347,-5.395824675398967e-17,0.0,0.0,2,0.0,0.0,0.0,0.0,0.0,0.0,0.0,0.0,0.0,29.0,0.0,0.0,5
488,488,1.0,0.0,3.7236665711511994,0.0,0.0010776295618133325,2.0542326476850044e-17,0.0,0.0,1,0.0,0.0,0.0,0.0,0.0,0.0,0.0,0.0,0.0,3.0,-0.7071067796865473,0.0,9
489,489,1.0,0.0,2.0084930093082543,0.0,0.0027656158085943433,-1.1916691406599538e-17,0.0,0.0,1,0.0,0.0,0.0,0.0,0.0,0.0,0.0,0.0,0.0,22.0,-1.1726039385808573,0.0,30
490,490,2.0,2.0,4.5442049211253055,3.7088186493529296,0.004657985940800444,7.962751426991615e-18,-6.4311261238144624e-18,0.019698030599351313,2,0.0,0.0,4.0,6.0,3.0,3.0,3.0,1.0,0.0,29.0,1.8422647441297773,0.0,11
491,491,2.0,1.0,3.5024028866307706,1.7216629533170358,0.0035310251330566526,-6.523526799526885e-18,3.346932466898417e-17,8.048224963984194e-05,2,0.0,0.0,2.0,2.0,5.0,2.0,0.0,0.0,0.0,25.0,0.0,0.4444444444444444,23
492,492,1.0,1.0,3.374946518770369,4.332614441598588,0.0012708136608579456,-7.684067977247618e-18,2.6359586191272722e-17,1.207233744597629e-05,2,0.0,0.0,1.0,1.0,2.0,0.0,0.0,0.0,0.0,29.0,0.0,0.0,5
493,493,0.0,0.0,0.0,0.0,0.0007724660304828264,0.0,0.0,0.0,0,0.0,0.0,0.0,0.0,0.0,0.0,0.0,0.0,0.0,1.0,0.0,0.0,27
494,494,0.0,1.0,0.0,3.6331342747609825,0.0007724660304828264,0.0,9.468629310461508e-18,0.0,1,0.0,0.0,1.0,1.0,1.0,0.0,0.0,0.0,0.0,2.0,0.0,0.0,32
495,495,1.0,0.0,2.2677588593424787,0.0,0.002922719125895834,-1.4743290811982766e-17,0.0,0.0,1,0.0,0.0,0.0,0.0,0.0,0.0,0.0,0.0,0.0,25.0,-1.0327304854946815,0.0,12
496,496,2.0,1.0,3.100122883722987,1.7393934847141108,0.002148004703779395,1.7787031193666524e-18,4.493963053088033e-19,0.0006720267844926802,2,0.0,0.0,1.0,1.0,2.0,0.0,0.0,0.0,0.0,16.0,1.213559751124745,0.0,19
497,497,1.0,0.0,1.640252159242314,0.0,0.004208801619616905,-3.529308223495386e-18,0.0,0.0,1,0.0,0.0,0.0,0.0,0.0,0.0,0.0,0.0,0.0,33.0,-1.0171668380329117,0.0,22
498,498,2.0,0.0,4.536599206920631,0.0,0.0017456251940795738,6.238979068770656e-18,0.0,0.0,1,0.0,0.0,0.0,0.0,0.0,0.0,0.0,0.0,0.0,25.0,0.0,0.0,23
499,499,1.0,2.0,2.207904316317084,3.2932278768498717,0.0010929233600662559,-5.913774726549623e-18,3.953320458106832e-17,0.0003380254484873361,2,0.0,0.0,6.0,10.0,5.0,5.0,4.0,3.0,2.0,20.0,-0.9999999989999999,0.6666666666666667,4
